,mean,std,cv,skewness,kurtosis
Unnamed: 0,20069.0,11586.698213900283,57.734307707909124,0.0,-1.200000001489777
ID_Unico,150913.28863642027,89250.9367845742,59.14054195690959,-0.48466413675995956,-1.5238880819580463
X,21.9593724360482,55.04329239603045,250.65967871500808,,
Y,35.159447268080875,23.573483410443412,67.04736633287277,,
Upper_depth_cm,9.646017699115044,31.267898119075202,324.15343921610076,,
Lower_depth_cm,30.56485210387446,36.14540388101684,118.25806896816286,,
Sand_gkg,406.3954652543509,266.37486221142063,65.5457270037953,,
Silt_gkg,347.7579675383384,194.6991025038503,55.986956641729805,,
Clay_gkg,209.99456577425664,162.88233503504347,77.56502385406552,,
Density_kgdm3,1.1062741620727672,0.39283435981285175,35.5096750227646,,
C_gkg,42.6179250102624,85.86762189269272,201.48240880337508,,
OM_gkg,23.56981387175259,32.1047774919316,136.21141713981797,,
P_mgkg,30.869307831671605,49.74026142963307,161.13176784158424,,
pH_H2O,6.316686882284176,1.3759879894025158,21.783381304867607,,
Ca_mmolkg,145.15605198019801,189.4408105372362,130.50837905337866,,
Mg_mmolkg,34.10343450479233,48.25909930602783,141.50803286175267,,
K_mmolkg,5.02558808814984,6.065365802089363,120.6896724463209,,
CEC_Ph7_mmolkg,146.8844619736524,162.2567041838635,110.46553325222956,,
CEC_Efe_mmolkg,157.7988938635765,144.66439287679776,91.67643025550353,,
MacroN_g_kg,3.0396233215385324,3.985781769786924,131.12749009207775,,
350,0.09662667975211113,0.0492025759178265,50.92028003451242,,
351,0.09611856550674204,0.048817003794269356,50.78831913158878,,
352,0.09581504082075729,0.0486397399639711,50.76420105582612,,
353,0.09488734860555707,0.048130660523547815,50.72400191476005,,
354,0.0941096028368973,0.04764270540231171,50.62470137599237,,
355,0.09355518171272406,0.047444146273476734,50.71247300781422,,
356,0.09314941918074418,0.04742781300375469,50.91584405022136,,
357,0.09268893692035579,0.047163239567823645,50.88335365023043,,
358,0.09243034866152906,0.04682081013359382,50.65523479203466,,
359,0.09212905268067625,0.046593213171804204,50.57385462683366,,
360,0.09179988519955189,0.046449205296856824,50.59832612632022,,
361,0.09144012075407386,0.046383339174038994,50.72536955499648,,
362,0.09077635155849226,0.04597683608640621,50.64847319489457,,
363,0.09069694675963139,0.04588863391982433,50.59556639920878,,
364,0.09061232311538461,0.045844786142924636,50.59442752013592,,
365,0.09049387048086523,0.045797680379558066,50.60859938490741,,
366,0.09043170701625497,0.045809605273243556,50.656574762001725,,
367,0.0904925200264303,0.04584036533293364,50.65652422934511,,
368,0.09040245339965443,0.04575786138590716,50.61572962364102,,
369,0.09024345797555357,0.045786277153549895,50.7363948375661,,
370,0.09024001222078587,0.04587165650855377,50.832945807145734,,
371,0.09020364258057084,0.04574406675048972,50.711995039036964,,
372,0.09022857759311403,0.04571170498751152,50.662114162597746,,
373,0.09020765180814026,0.04570665918034133,50.668272883938215,,
374,0.09026726502054268,0.04575038184041691,50.68324805233127,,
375,0.09035501414591067,0.04583653500985475,50.72937616481934,,
376,0.09043284097414565,0.045937122626862364,50.796947361186604,,
377,0.09059204250351978,0.046006531265968036,50.784296274344996,,
378,0.09082389059452196,0.04610328165469912,50.76118337687665,,
379,0.09105430236471265,0.04627239217027062,50.81845774286345,,
380,0.09123934071144246,0.04645139963592966,50.91159062935241,,
381,0.0915332456173045,0.0465766651034611,50.8849705801929,,
382,0.09176674356924357,0.04664874110341391,50.83403778866209,,
383,0.09190354532311532,0.04677450172151023,50.89520927300466,,
384,0.09211087196166645,0.04695436202052742,50.97591741403588,,
385,0.09232251672481762,0.047067400057443184,50.981495876824155,,
386,0.09265508938179957,0.04724344798186694,50.98850834538946,,
387,0.0929365802513119,0.0474283394545045,51.03301555345856,,
388,0.09313496143056446,0.04755848660537475,51.0640535786675,,
389,0.09331603844310762,0.047701887044993146,51.11863709696137,,
390,0.09355842510392935,0.04785197274712195,51.14662062124881,,
391,0.09381116061602457,0.0480259720537344,51.194305387935614,,
392,0.09408718861404071,0.04820823060907194,51.237826657600635,,
393,0.09437398442960451,0.048385457447204384,51.269910600517335,,
394,0.09472426532548317,0.04854058808752859,51.24409032969292,,
395,0.0950789932204659,0.04874154996938528,51.26426807692952,,
396,0.09537273455465249,0.04892162564558946,51.29519025959706,,
397,0.095753669609241,0.04907253083482241,51.24872084284748,,
398,0.09619259789101497,0.049268127906451686,51.218211158276304,,
399,0.09656733902643032,0.049450438742341105,51.20824415468941,,
400,0.14676428708235872,0.06816497323742444,46.445204478915755,,
401,0.14290101381276454,0.06506619598569088,45.532354354702896,,
402,0.13943344318839684,0.06222056729064476,44.62384767087394,,
403,0.13617403043180118,0.05967911372249761,43.82562044558574,,
404,0.13314171059964386,0.05746017661208308,43.15715665158112,,
405,0.1304125273477857,0.055489357096732424,42.54910032435208,,
406,0.1279654682656395,0.053808524969504244,42.049254145504946,,
407,0.12580817114238155,0.05238996727802001,41.64273814832618,,
408,0.12394183471515947,0.05117420221310061,41.28888549270558,,
409,0.12233148353543409,0.05015756809093435,41.00135683910503,,
410,0.1209504596299164,0.049340203002359764,40.793729228752554,,
411,0.11979289794368743,0.048668153270672886,40.626910364545104,,
412,0.11884341477973057,0.04811346424281526,40.48475410437406,,
413,0.11807661057179726,0.04768054738989597,40.38102648695484,,
414,0.11746482179451842,0.0473627466557115,40.3207921590034,,
415,0.11698056598291526,0.047121457449323494,40.281440813173596,,
416,0.11663051043065448,0.046937125508161905,40.24429399721227,,
417,0.11641071483302365,0.04680592737946739,40.20757663639858,,
418,0.11626080796768866,0.046729765221678606,40.19391060370559,,
419,0.1161835249910963,0.046687152443735315,40.18396966980747,,
420,0.11616581359677919,0.04668127637603662,40.185038033711926,,
421,0.1162002313149582,0.046710250593138485,40.19807023148807,,
422,0.1162811715501187,0.04674749502676328,40.20211905640674,,
423,0.11639081021394651,0.04679854229273063,40.20810767336939,,
424,0.11653214895468153,0.046865145786178876,40.21649493858075,,
425,0.11668731874687727,0.04694883172963417,40.23473350302738,,
426,0.116849035349489,0.04704287420443215,40.25953150895043,,
427,0.11702401628569217,0.04713815579382676,40.280753720456666,,
428,0.11722308851912357,0.047241708767558,40.3006859521971,,
429,0.11742061229735729,0.04736043135407416,40.33400135415584,,
430,0.11763271318788066,0.047478272271503856,40.36145302172236,,
431,0.11786179236099929,0.04760045676146168,40.38667307524569,,
432,0.11808911941971198,0.04773636063850873,40.424012705899095,,
433,0.11832998182848148,0.04787060356509909,40.45517697660701,,
434,0.11858400993579023,0.048012097460775074,40.487834309846846,,
435,0.1188459181601631,0.04816652577135057,40.5285486594826,,
436,0.11913183870145555,0.0483201938436362,40.560268665647506,,
437,0.11942324277524001,0.04847632824161543,40.59203812849906,,
438,0.11972283413345206,0.04863916966967327,40.62647699724215,,
439,0.12002848950652938,0.048806632273934,40.662539764177396,,
440,0.12033803963703933,0.04897834261621334,40.70063195639602,,
441,0.12065118503215648,0.04915583289408802,40.74210533529927,,
442,0.12096173646771446,0.049334103315075,40.7848835141703,,
443,0.12126827580246723,0.04951751276629132,40.8330310945873,,
444,0.12157689405481573,0.049702280088074396,40.88135370991217,,
445,0.12188438578496955,0.04987938420499416,40.92352263479606,,
446,0.12218537754118923,0.05005258869853448,40.964467030157955,,
447,0.12248417906165479,0.050230446669675445,41.00974269043431,,
448,0.12277553673774132,0.050407978583373654,41.057021555563836,,
449,0.12305701535196656,0.05057551927327686,41.09925722529611,,
450,0.12332589635003098,0.05074211681684319,41.144737900646476,,
451,0.12359157948725095,0.050909478311970555,41.1917045830959,,
452,0.12384883930138331,0.05107291514325084,41.23810560627546,,
453,0.12409886610653453,0.0512285722538641,41.28045151507361,,
454,0.1243442581432074,0.051383420038574185,41.32351650640422,,
455,0.12457865495597191,0.05153364576250397,41.36635267150443,,
456,0.12480661625619387,0.05167524974199704,41.40425507244093,,
457,0.1250260180627129,0.05181703667577096,41.44500279116271,,
458,0.12523703789976257,0.0519559914707714,41.486122909067866,,
459,0.1254442466714411,0.05209083149290298,41.52508614391646,,
460,0.1256509494697533,0.052220792121894455,41.56020495051256,,
461,0.12585432052720139,0.052345826071277884,41.59239496268559,,
462,0.12605299080006713,0.052467198488741255,41.62312861894691,,
463,0.1262447696673893,0.05258549108962354,41.65359977143439,,
464,0.1264390852244503,0.052702859445973346,41.682411219930174,,
465,0.12662895028207907,0.052820600014596625,41.71289416593384,,
466,0.12682064339875607,0.05293543148569239,41.74039026063765,,
467,0.12701714909969547,0.05305106180106764,41.76684973414731,,
468,0.12721799908759163,0.05316502483413374,41.79048972270722,,
469,0.12742431962986478,0.05327659220495694,41.81037996491712,,
470,0.12763220625547125,0.053391914504613426,41.83263462338265,,
471,0.12784585561690925,0.05351246204616771,41.85701741206072,,
472,0.12806881207053267,0.05363347402102316,41.87863786187464,,
473,0.12830000635183753,0.05375087777660094,41.894680526515124,,
474,0.12854136188974916,0.053875205279597924,41.91273881616959,,
475,0.12879617181609374,0.054001857869321025,41.92815446908587,,
476,0.12906794932698462,0.05412852633026498,41.93800754758576,,
477,0.1293510687053267,0.054261846094682716,41.94928317004945,,
478,0.12964655846799836,0.05439741496965152,41.9582406293329,,
479,0.12995510691535048,0.05453521068343236,41.964653777673576,,
480,0.13026199481149994,0.054682657082199916,41.978980255392464,,
481,0.13058856176803962,0.054833689620854505,41.989657347060664,,
482,0.1309368091806287,0.05498760803240664,41.99553080337452,,
483,0.13130053641625372,0.055146671456102705,42.00033980156389,,
484,0.13168540000446474,0.055308226989640316,42.00027261014897,,
485,0.13208594457775885,0.05547652814558161,42.00032662288503,,
486,0.13250102795579127,0.055650768771773766,42.00025436054847,,
487,0.13293083589676888,0.0558277745372363,41.99761038183112,,
488,0.13337946847205018,0.05601009597397388,41.99304181940931,,
489,0.13384492034636628,0.05619709691189898,41.986723714632674,,
490,0.1343267781661505,0.05639042225125454,41.980030356646026,,
491,0.13482165467224116,0.0565895831045318,41.97366012314875,,
492,0.13532928521637247,0.05679289743473777,41.96645045744084,,
493,0.1358528046257355,0.05700128400504933,41.958120895688296,,
494,0.13639077997315993,0.05721398338575037,41.94857115488994,,
495,0.13694151318091258,0.05743054830857777,41.938012056801675,,
496,0.1375033967283989,0.05765232985016788,41.92793139797456,,
497,0.13807940417461545,0.05788159011426648,41.91906132580738,,
498,0.13866585383343658,0.05811443670239684,41.90969521033135,,
499,0.1392610767593424,0.05835098130490275,41.900423767180335,,
500,0.13986302814163312,0.058592928136076965,41.89307847442177,,
501,0.14047676470246204,0.058836391592243964,41.883361790729495,,
502,0.14110025433299783,0.05908286772638084,41.87297039659813,,
503,0.1417272940888046,0.059333513986661236,41.8645641745503,,
504,0.14236318495194591,0.0595868803459472,41.855540367448576,,
505,0.14301201553672446,0.05984347190287444,41.84506572981419,,
506,0.1436658858202488,0.060102179598364586,41.83469113437476,,
507,0.14432218680055747,0.060364313787,41.826080331237634,,
508,0.14498517962880667,0.06062963799326127,41.81781762003966,,
509,0.14565894073996077,0.06089753939440582,41.80830856316868,,
510,0.1463363700159234,0.06116469969405001,41.797332875890284,,
511,0.1470180911606793,0.061435247138217214,41.787542371961074,,
512,0.14770578556611952,0.06170939166895929,41.77858804409221,,
513,0.14839993141209867,0.06198540497597752,41.769160124371865,,
514,0.14909937176502014,0.06226214519671348,41.758824641352824,,
515,0.1498034268392175,0.06254107644983094,41.74876220752656,,
516,0.15051147153004027,0.06282350377260536,41.74001033540261,,
517,0.15122660308777228,0.06310776520500629,41.73059760416518,,
518,0.15195017625645194,0.06339148105950301,41.718596596107176,,
519,0.15267675998993496,0.06367630756029187,41.70661439533407,,
520,0.15340884456508722,0.0639632285463549,41.694615931493466,,
521,0.15414651627198825,0.06425347045965772,41.68337502112849,,
522,0.15488908067582843,0.06454666052525293,41.67282822237443,,
523,0.15563817485423764,0.0648385115450245,41.65977377063742,,
524,0.1563930392251471,0.06513156641374623,41.64607755974439,,
525,0.15715174703904716,0.06542676157527322,41.632856654795425,,
526,0.15791565293989368,0.06572420038981718,41.61981359430741,,
527,0.15868507441710542,0.0660207312335776,41.60487775935461,,
528,0.15945927958160422,0.06631923158087154,41.590073500195565,,
529,0.16024060982473934,0.06662036343201538,41.575205876263425,,
530,0.16102747903365336,0.06692084187515698,41.55864718044248,,
531,0.16181984183826262,0.06722213264138777,41.541341208685424,,
532,0.16261639682992673,0.06752359525938906,41.523239092555336,,
533,0.1634201897596521,0.06782587835942741,41.503977237562474,,
534,0.164228954564984,0.0681289873627395,41.484150917968265,,
535,0.1650412056960101,0.06843093878767152,41.46294163271848,,
536,0.1658588086349747,0.06873248818402937,41.44036047871124,,
537,0.16668525884437907,0.06903498505484776,41.41637090973971,,
538,0.16751818646621763,0.06933954434827105,41.39224869310195,,
539,0.16835500693166097,0.06964327733910546,41.3669178056434,,
540,0.16919860036097348,0.06994586385600693,41.3395049999127,,
541,0.17005048843710643,0.07024745691388645,41.30976485837478,,
542,0.170905621447636,0.07055102353228505,41.28069219414253,,
543,0.1717666052780531,0.07085404430322224,41.250186081587174,,
544,0.17263503464860122,0.07115743520458002,41.21842090130839,,
545,0.1735094657008878,0.07146110664230733,41.18571073551619,,
546,0.17438959931730671,0.07176421176874626,41.15165815489333,,
547,0.17527688933235266,0.07206763201540163,41.116448546020244,,
548,0.1761712865251626,0.0723725273309867,41.08077358034717,,
549,0.1770714711779963,0.0726770434319116,41.04390331678838,,
550,0.17797699407765563,0.07298063772769887,41.005658122226556,,
551,0.17888837661327037,0.07328458234364894,40.966654028103314,,
552,0.17980237347586972,0.07358801164122952,40.92716365121029,,
553,0.18072294442061526,0.07389236423891744,40.88709625433065,,
554,0.18164837756348715,0.07419664972044326,40.84630466600843,,
555,0.18258163434809538,0.07450016446462025,40.803755936692006,,
556,0.1835160777178177,0.0748038423689035,40.76146531636598,,
557,0.18445328631356456,0.07510757558934751,40.71902273493089,,
558,0.18539305049832247,0.075410696616379,40.676118340833575,,
559,0.1863340525132394,0.07571361682346466,40.63326901457535,,
560,0.1872762573887685,0.07601424383509257,40.58936508822574,,
561,0.18821693124463199,0.0763125329140869,40.54498838624719,,
562,0.18915613772697948,0.07661042508118873,40.50115740455919,,
563,0.19009627204253124,0.07690495230577876,40.45579194134455,,
564,0.19103524686360585,0.07719839798797279,40.41055211297757,,
565,0.19196692318388048,0.07749054006631742,40.36661044574388,,
566,0.19289500522937955,0.07777932171976847,40.322102496784616,,
567,0.1938205369191958,0.07806622136759853,40.277579769652846,,
568,0.19474241137903894,0.0783521897847605,40.233757623684184,,
569,0.19566083811489624,0.07863579859559502,40.189850638081396,,
570,0.19657186473691543,0.07891767767004303,40.146985315352,,
571,0.19747697585439247,0.07919815285851245,40.10500592074509,,
572,0.198374333413802,0.07947531279930749,40.06330427511745,,
573,0.1992661544140601,0.07974874469447199,40.02121932295642,,
574,0.20015293218166097,0.08002120044233865,39.980029055837434,,
575,0.20103195488538764,0.08029109127575959,39.93946699744086,,
576,0.20190127933640448,0.08055727907380723,39.89934057801786,,
577,0.20276186621038506,0.0808212834382104,39.8601990348375,,
578,0.2036125064008723,0.0810829558321503,39.822188364261955,,
579,0.2044526633935429,0.08134013297680928,39.784335222985504,,
580,0.205282822054919,0.08159330727597286,39.74677786441592,,
581,0.2061026244012852,0.08184201752953042,39.7093524487018,,
582,0.206912907676422,0.08208817239214565,39.67281370407213,,
583,0.20771535124251575,0.08233053079868503,39.63622828365773,,
584,0.20850594030726746,0.0825693858217985,39.60049565020501,,
585,0.209283133904537,0.08280579940930079,39.56639881313706,,
586,0.21004475042962217,0.08303838566631509,39.533663896131515,,
587,0.21079027354996385,0.08326662557735551,39.50211941710808,,
588,0.21152372696464333,0.08349256036780389,39.471959749347576,,
589,0.21224491386814806,0.08371453596372135,39.44242264185748,,
590,0.2129572451630536,0.08393179728809086,39.41251081822896,,
591,0.21366157444146794,0.08414401592920762,39.38191326595258,,
592,0.2143579854953804,0.08434934003324046,39.3497540286682,,
593,0.21504534072780532,0.084549212374201,39.31692362552489,,
594,0.21572284001365233,0.0847449699512246,39.2841898177594,,
595,0.21638861498807677,0.08493645918647623,39.25181516188193,,
596,0.21704366217900278,0.08512408304404712,39.219796694105995,,
597,0.21769042115600803,0.08530903429145004,39.18823521881711,,
598,0.2183327604440229,0.08549231505684984,39.15688826678337,,
599,0.2189699535332662,0.08567236111359113,39.125167508690026,,
600,0.21960064632546197,0.08584864106286957,39.09307303933727,,
601,0.22022356169691337,0.0860211292369843,39.06082009307089,,
602,0.22083853378275006,0.08619225339084287,39.02953525114168,,
603,0.22144691604849281,0.08635947312040648,38.99782153728225,,
604,0.222045899821565,0.0865218544629719,38.965751915482535,,
605,0.22263959882035206,0.08668078921747405,38.933230960147746,,
606,0.2232281834691597,0.08683616475565721,38.90017980980172,,
607,0.22381026777588522,0.08698641246999872,38.86614020635706,,
608,0.22438833160498606,0.08713270994133229,38.831212531461304,,
609,0.22496238314509134,0.08727532244186599,38.79551826474787,,
610,0.22553404917864148,0.08741381740774949,38.75858998944792,,
611,0.22610079231771965,0.087549548394156,38.72146908319113,,
612,0.22665878232334574,0.08768235782526447,38.684738763035895,,
613,0.22721311497628263,0.08781172488099742,38.647295905504194,,
614,0.22776389449550946,0.08793876386934435,38.60961548103408,,
615,0.2283095568070868,0.08806395850476208,38.5721735595908,,
616,0.22885154855961595,0.08818603136278778,38.534164141701346,,
617,0.22939024784012077,0.08830484534917352,38.49546621124006,,
618,0.2299268412806854,0.08842194492590257,38.45655619561207,,
619,0.23046073366527303,0.0885399816012846,38.418684256157185,,
620,0.2309929045594353,0.08865770800588502,38.38113909818085,,
621,0.23152580125815525,0.08877426728896932,38.34314223579103,,
622,0.232057913963611,0.08888909491244625,38.30470307786398,,
623,0.23258985205228655,0.08900253331942312,38.265871246788194,,
624,0.23312255961680606,0.08911357469692095,38.22606222383664,,
625,0.23365356429991224,0.08922212138828876,38.18564534019491,,
626,0.2341842982738206,0.08932821649408446,38.14440897725654,,
627,0.2347146787022556,0.08943446231673309,38.103480707392855,,
628,0.2352449643144678,0.08953963281573976,38.06229522347866,,
629,0.23577445481999068,0.08964433623143664,38.02122511528163,,
630,0.23630351296557242,0.08974844603851415,37.980157346027184,,
631,0.23683429567717043,0.08985321800042709,37.93927638035426,,
632,0.2373672343895685,0.08995713797542303,37.897875082364926,,
633,0.23790210509357904,0.09006278045142345,37.85707588253461,,
634,0.2384387826166512,0.09017016970666691,37.81690575548591,,
635,0.23897776989137504,0.09027796691934158,37.77672164250948,,
636,0.23951677921299164,0.09038412053268695,37.736028694804865,,
637,0.2400570151105347,0.09048962308774264,37.695054671106575,,
638,0.24059742177893054,0.09059492879719708,37.654156111630705,,
639,0.24113836167838337,0.09069931461058423,37.61297620971391,,
640,0.2416802453112677,0.09080275971212787,37.5714446975921,,
641,0.24222152266599567,0.09090544674388934,37.52987998066578,,
642,0.24276286297197272,0.09100704045423226,37.48804052650308,,
643,0.24330479517781564,0.09110781659057893,37.4459601274994,,
644,0.2438464633372819,0.09120829164493782,37.40398380056919,,
645,0.24438885072476,0.09130824413817391,37.36186976917729,,
646,0.2449306689850057,0.0914068107685637,37.31946315557547,,
647,0.24547176079160216,0.09150384409220504,37.27672942790716,,
648,0.24601355692554458,0.09160091232838981,37.23409127250357,,
649,0.2465560935269691,0.09169662095645771,37.19097737344205,,
650,0.24709764205915144,0.09179256766223445,37.14829769207619,,
651,0.24763871842938992,0.0918889206416634,37.10603948544662,,
652,0.2481800189937287,0.0919845526089328,37.063641538063216,,
653,0.24872166234837928,0.0920798147805087,37.02122843306443,,
654,0.24926244004038914,0.09217409490094557,36.97873409488015,,
655,0.2498035003200939,0.09226822570657531,36.936322184574834,,
656,0.2503469745736038,0.09236202734110568,36.89360636309611,,
657,0.2508915865384536,0.09245617277929835,36.85104552723923,,
658,0.25143517195661713,0.09255041352930596,36.80885725298396,,
659,0.25197750251713635,0.09264422006308139,36.76686177837677,,
660,0.2525208447462837,0.09273902024128941,36.72529304836892,,
661,0.2530687599475586,0.09283403297328714,36.68332392845501,,
662,0.25361594570873336,0.09292884514941656,36.64156245764658,,
663,0.25416226846461754,0.09302392886776101,36.60021191568451,,
664,0.254710761590895,0.0931184985296551,36.55852542234469,,
665,0.2552610410466346,0.09321449180664745,36.51732023987858,,
666,0.2558150095681067,0.0933103587256758,36.47571691872653,,
667,0.2563692627855631,0.09340523194220206,36.433865326643975,,
668,0.2569220601371167,0.09349996606288416,36.392346384340904,,
669,0.25747542760016,0.09359520017694482,36.35111942499272,,
670,0.2580312292576649,0.09369014138829228,36.309613242486684,,
671,0.2585912032983896,0.09378472297623665,36.26756122404443,,
672,0.25915068824406423,0.09388002254433152,36.22603635762553,,
673,0.2597095202459998,0.09397442926133927,36.18443758716493,,
674,0.26026967110552807,0.0940689130444276,36.142863916820616,,
675,0.26083145471482394,0.09416368802301127,36.10135446507542,,
676,0.26139129768986785,0.09425845183965978,36.06028688510293,,
677,0.26195285503533083,0.0943525326714918,36.018898384889155,,
678,0.26251336632251987,0.09444610328573562,35.977635961477326,,
679,0.26307601999729013,0.0945402138495683,35.93646195899654,,
680,0.26363936714049757,0.09463392821128518,35.895219002271865,,
681,0.26420256517871893,0.09472773929851444,35.8542087713782,,
682,0.26476613273095384,0.09482060686673612,35.81296666937743,,
683,0.2653311423717095,0.09491349840993861,35.771714379826456,,
684,0.26589616979524106,0.09500604124923233,35.73050387389699,,
685,0.2664601570890627,0.09509918132208182,35.68983159095546,,
686,0.26702461897925056,0.09519187383381902,35.64910014578694,,
687,0.2675888815032776,0.09528415864771787,35.60841471156221,,
688,0.26815417374698053,0.09537582981832186,35.5675350808877,,
689,0.26872133965128525,0.0954681121887809,35.52680717976031,,
690,0.26928763814565915,0.0955594353689,35.48600894825012,,
691,0.26985567812816147,0.09565064137816892,35.445109786699376,,
692,0.27042633619776507,0.0957400242885359,35.40336552817119,,
693,0.270996438007123,0.09582906590405184,35.36174372208281,,
694,0.2715647302440126,0.09591942312530068,35.32101648071638,,
695,0.272129184460798,0.096013294989183,35.282248458365686,,
696,0.2726920709404098,0.09610799146475715,35.24414594576137,,
697,0.27325616290864047,0.09620227613446407,35.20589439244524,,
698,0.27382222578623416,0.09629481134746187,35.16690840963243,,
699,0.2743884284290286,0.0963857743541845,35.12749240411753,,
700,0.2749545852426448,0.09647593030933689,35.087951060789834,,
701,0.2755219715537318,0.09656617410245927,35.048447700159954,,
702,0.27608742980130585,0.09665589894855779,35.00916322706867,,
703,0.27665232525423245,0.09674555243708584,34.97008468957582,,
704,0.27721509031449365,0.09683533834878305,34.931481629995595,,
705,0.27777824342995766,0.09692408414625639,34.89261180049761,,
706,0.27834386621069473,0.09701355430301596,34.853850247801304,,
707,0.27890844860774744,0.09710313177231653,34.815414254044654,,
708,0.2794714727002684,0.09719274448993616,34.77734008085142,,
709,0.2800350311336585,0.0972824830841276,34.739397671177585,,
710,0.2805960772799887,0.09737175705585902,34.70175278277252,,
711,0.2811551624080211,0.09746026841700595,34.664228670846384,,
712,0.28171586856880354,0.09754824424325988,34.62646415298954,,
713,0.28227763596141736,0.09763690072550398,34.58896075594502,,
714,0.28283737991021474,0.09772469921043773,34.55155016690507,,
715,0.2833962358306751,0.0978121559446055,34.51427491896779,,
716,0.283954556258052,0.09789825901498686,34.476734694835805,,
717,0.2845102270984567,0.09798340242956825,34.43932523229136,,
718,0.2850641798003509,0.09806719165689484,34.40179391376977,,
719,0.28561762509391453,0.09815211243244458,34.36486540358669,,
720,0.28617131381271294,0.09823648898692894,34.32786035682828,,
721,0.2867232335552545,0.09832046730367604,34.29107089946678,,
722,0.2872730484238412,0.09840432915883127,34.254633248311556,,
723,0.2878210600846496,0.09848615584549919,34.217842091379254,,
724,0.2883663525135491,0.09856685545112315,34.18112223980498,,
725,0.288911564628626,0.09864725893671884,34.144447995192735,,
726,0.2894549393137452,0.09872598464608845,34.107548788130245,,
727,0.2899966676481625,0.0988040155019665,34.07074167550096,,
728,0.29053665297927633,0.09888033852098804,34.03368817910939,,
729,0.29107620572166304,0.09895601721587637,33.99660132663041,,
730,0.2916122207838598,0.09902998630440207,33.959477431435275,,
731,0.29214512357215855,0.09910331537188463,33.922632067280276,,
732,0.29267595226582016,0.09917746225906139,33.88644044420308,,
733,0.29320403080891916,0.09924884180159511,33.84975354116994,,
734,0.2937309897528131,0.09931922058983622,33.81298673096002,,
735,0.2942568258478373,0.0993896782241655,33.77650728671991,,
736,0.29477995644278415,0.09945749724438561,33.73957254237195,,
737,0.29530135829036336,0.09952419679077673,33.70258686481109,,
738,0.29582071405951277,0.0995896751189007,33.66555159449226,,
739,0.29633669835764426,0.09965455691100313,33.628827432885664,,
740,0.2968502690618871,0.09971821737995562,33.59209263817997,,
741,0.297362654771214,0.09978119971360869,33.55539040044512,,
742,0.29787315809698567,0.09984301244645322,33.51863359703762,,
743,0.29838253912521934,0.09990293975671184,33.48149662161918,,
744,0.2988887288732064,0.0999625790946937,33.44474697040165,,
745,0.299392336616677,0.10002138000731853,33.40812965943733,,
746,0.2998918623920977,0.10007953828496202,33.3718752775331,,
747,0.3003898062595231,0.10013632262584322,33.33545963917631,,
748,0.300885058982812,0.10019116230926134,33.29881604888355,,
749,0.3013777537125787,0.10024439419038897,33.26204172521345,,
750,0.3018680993623671,0.10029578772431327,33.22503700661549,,
751,0.3023563345601321,0.10034618629955613,33.1880548973911,,
752,0.3028406868938784,0.1003954789921365,33.151251908009684,,
753,0.3033222434550945,0.10044311954277053,33.1143269938397,,
754,0.3038015312393672,0.10048890556969624,33.07715572062748,,
755,0.3042771357556519,0.10053187425127973,33.039575583494155,,
756,0.30474770673167645,0.1005731350955571,33.00209743140397,,
757,0.30521567766313096,0.10061374657842888,32.96480290553,,
758,0.3056807483712191,0.1006534490747417,32.927637612463585,,
759,0.306144065295783,0.10069025418426579,32.88982724097012,,
760,0.3066036020240271,0.10072494210790166,32.85184565444483,,
761,0.30705967358637865,0.10075822413648666,32.81389019914479,,
762,0.3075126842058945,0.1007920552062135,32.77655211735213,,
763,0.30796248729056985,0.10082358437104955,32.738917411041726,,
764,0.30840936757752657,0.10085279062110304,32.700949200497654,,
765,0.3088522006754155,0.10088014114626866,32.662918031880054,,
766,0.30929131068202226,0.10090579481424915,32.624839861081284,,
767,0.3097252289682048,0.10093065226741661,32.5871588193346,,
768,0.31015449388928457,0.10095306385463587,32.54928296820776,,
769,0.31058100328863425,0.10097259839705973,32.51087391949154,,
770,0.31100285727771754,0.10099109360344288,32.47272211176518,,
771,0.3114199102472386,0.10100873936103301,32.434900928730414,,
772,0.31183184406771963,0.10102543286191389,32.39740737959222,,
773,0.31224131005853206,0.10103933923883356,32.359375900611276,,
774,0.3126492842397801,0.10105223553086261,32.32127518749175,,
775,0.31305420903540826,0.1010641036492827,32.2832598100771,,
776,0.31345560161863845,0.10107433968054579,32.24518533362072,,
777,0.3138538414588882,0.10108254365525345,32.206884320864454,,
778,0.3142480281813771,0.10108934595131136,32.16864924700969,,
779,0.3146387156080056,0.10109439691341968,32.13031070193176,,
780,0.31502490914054915,0.10109809171361188,32.092094555134594,,
781,0.3154056440753329,0.10109968399180179,32.053860129292644,,
782,0.3157825453374884,0.10109960363772837,32.015576899502,,
783,0.3161572228642252,0.101097413859816,31.976942656544217,,
784,0.31652665716664086,0.1010949351872425,31.938837661315628,,
785,0.3168940306820997,0.10109160236322638,31.900759425992153,,
786,0.3172589454435068,0.10108749062323616,31.862770798132296,,
787,0.31761971000585837,0.10108339625611666,31.825290771234638,,
788,0.3179780010543254,0.10107693009303303,31.787397165178234,,
789,0.31833289519079694,0.1010688948386146,31.7494347475581,,
790,0.31868369478907294,0.10105982265479521,31.711638940826152,,
791,0.3190298652826469,0.10105009303775908,31.67417976628395,,
792,0.3193698828445597,0.10103908403245353,31.637010707622103,,
793,0.31970448541008567,0.10102537243601326,31.599610592396843,,
794,0.3200337238559409,0.1010110109287224,31.562614624386025,,
795,0.3203578597407608,0.10099527468266829,31.52576770377834,,
796,0.3206796265176267,0.10097709126834015,31.488464784896387,,
797,0.32099542190864044,0.1009599549387837,31.45214792736771,,
798,0.321308749754568,0.10094258533811876,31.4160711201372,,
799,0.321619084033705,0.10092402501861415,31.379986458775416,,
800,0.32192474616124706,0.10090405945276874,31.343989754123307,,
801,0.3222253851766801,0.10088309601439095,31.308239715215336,,
802,0.32252261428762774,0.10086166594478638,31.27274227500751,,
803,0.32281836435978634,0.10083841348872025,31.23688879618205,,
804,0.32311049421753374,0.1008132477233941,31.2008583836097,,
805,0.3233992412492,0.1007877488218872,31.165116044358225,,
806,0.32368394219180346,0.10076322171754236,31.13012682533188,,
807,0.32396630171332713,0.10073750988926318,31.09505814540065,,
808,0.3242460228507536,0.10071044946285,31.05988735880525,,
809,0.32452114509992774,0.10068280066397854,31.025035559077647,,
810,0.32479285635173427,0.10065487622480955,30.990483397764574,,
811,0.3250633291044183,0.10062566184177126,30.955710113166234,,
812,0.3253325251402911,0.10059557035953923,30.920846391291505,,
813,0.32559816069701664,0.10056525664445233,30.886309808743885,,
814,0.325863704412331,0.10053425248028354,30.85162634531176,,
815,0.32612799676873644,0.10050229482261386,30.816825239901725,,
816,0.3263913171549499,0.10046960250488977,30.781947075262785,,
817,0.32665187288559405,0.10043845818702575,30.747859272860538,,
818,0.3269126365251368,0.10040546773548252,30.713241556743004,,
819,0.327172871009265,0.10037191940820679,30.678558126955586,,
820,0.32743184683555276,0.10033934164476312,30.6443440412065,,
821,0.32769024965505317,0.10030593255571783,30.609983867785505,,
822,0.32794936674445135,0.10027303128830166,30.575766095757583,,
823,0.3282101829946836,0.10023919851065592,30.541160422277216,,
824,0.3284681218462114,0.1002068740344283,30.507336136973773,,
825,0.32872528056870026,0.10017601038584587,30.474081644265294,,
826,0.32898359000632293,0.10014469811908372,30.440636299567092,,
827,0.32924573133606894,0.10011084622497363,30.40611819589184,,
828,0.32950645978752446,0.10007792854515468,30.372068762988107,,
829,0.3297672589442551,0.10004658314696847,30.338543452514386,,
830,0.33002809855982246,0.10001562338092249,30.30518426078596,,
831,0.3302867756681119,0.0999854453050471,30.272312629772774,,
832,0.3305442077463353,0.09995397824533102,30.239216390092437,,
833,0.33080097360583777,0.09992070995459439,30.205687989798303,,
834,0.32599281052562473,0.10197669754146706,31.2818854431304,0.276647047241198,0.25044747386760724
835,0.3262418404942821,0.10195662531819645,31.25185450269779,0.27533858666818894,0.2504759592053376
836,0.32649110744911175,0.10193114854777767,31.22019136881548,0.27439866772218746,0.2501702900269809
837,0.32672250542392306,0.10192778144490942,31.19704940823037,0.272743314466134,0.2494430686093163
838,0.32695415198687,0.10191967231522608,31.172466138102152,0.2712912421574308,0.2489336456431328
839,0.3271903730269826,0.10190301885540552,31.14487077130531,0.27007975471810086,0.24878052535183892
840,0.327429051054613,0.10187855708833642,31.1146969886138,0.2691881540465003,0.24873994680234324
841,0.3276622875396268,0.1018560977519157,31.0856945169796,0.2681306852964837,0.24884812371330556
842,0.3278999977999103,0.10182310147073961,31.053096112819635,0.2674093418189834,0.24927594633633943
843,0.3281213348610509,0.10180807594455932,31.027569721326365,0.26620515507256537,0.24904670707939847
844,0.32834709613917334,0.10178385434885845,30.99885930031685,0.26528497748545904,0.24931460438483155
845,0.3285705818673045,0.10175807499036513,30.969928717313117,0.2643639954830082,0.24980465686623754
846,0.32879734343670425,0.1017236639991658,30.93810398098557,0.26374851615845507,0.2504602689617328
847,0.32902339966061245,0.10168877864698171,30.906245194680277,0.2631736692236443,0.2510516555907407
848,0.32923932053872984,0.10166194660713151,30.877826634067716,0.26230584551116987,0.25166422389121035
849,0.3294576822795426,0.10162908167542878,30.847385610270035,0.26163300235138465,0.25253723495909774
850,0.3296793267007997,0.10158898259040822,30.814483761247562,0.26119041411545635,0.2536187356576014
851,0.3298988341157535,0.10154669507859532,30.781162155597386,0.26082464599232896,0.25488857426739786
852,0.3301147777694646,0.10150624082160212,30.748772141454673,0.26040800193987484,0.25609917535759674
853,0.33033209922263745,0.10145953071637935,30.714402552807197,0.26031820632337094,0.25723563249477666
854,0.3305438478354137,0.10141712418228613,30.68189737803994,0.26013876015798104,0.2583738154044726
855,0.3307423578335202,0.10139247987480846,30.656031038469088,0.2594500854503118,0.2589142995330067
856,0.33094041486573483,0.1013658820716275,30.629647368017128,0.2588383282770496,0.2595707001468983
857,0.3311474463069736,0.10132579904057509,30.59839360701157,0.2585930429635353,0.26065256444827645
858,0.33134749457954005,0.10129612626781107,30.570964900866304,0.2580259800472602,0.2614999888790215
859,0.3315531347057827,0.10125852320442852,30.54066229664347,0.25773167368152194,0.2627460056389248
860,0.3317513536504223,0.10122878489030657,30.51345044306128,0.25732123124030754,0.2635405529731294
861,0.3319560927879513,0.10119069617432773,30.483156770665715,0.2570594936826481,0.26489653166322125
862,0.33216205860617387,0.1011535929749259,30.4530846778193,0.2567528196734897,0.26626044942094707
863,0.3323592132769265,0.10112905804494544,30.427637930615525,0.25624820747377663,0.266975196370673
864,0.3325728680961706,0.10108141089275005,30.39376346946023,0.2564050039412696,0.2685389652463468
865,0.3327976508228816,0.1010191613372132,30.354529572979665,0.2568802019420395,0.27073534250753895
866,0.33297685131688964,0.10100399784694697,30.333639545057384,0.256269493096266,0.2710720944086966
867,0.33318437053551586,0.1009677168899105,30.303857509170832,0.25606387172962486,0.27248522359549865
868,0.3333998310935795,0.10092644774437633,30.271895283608597,0.2558979507103399,0.27420712939506897
869,0.3335863440978648,0.1009222239305817,30.253703641110075,0.25486829655845,0.27439223765627974
870,0.33376906958978003,0.1009192317650861,30.236244445634586,0.2538662021147812,0.2744718083869837
871,0.33396165660911376,0.10090793923170761,30.21542660204718,0.2530975563517888,0.2748402779476282
872,0.3341711866547575,0.10087896308622218,30.187810055103085,0.2526760795558124,0.27622981864186347
873,0.33434867216687847,0.10089046455396003,30.175225132523952,0.25129608539208287,0.27595903042649583
874,0.3345745342852729,0.1008415828466813,30.14024455331061,0.2515665976948557,0.2779082254058953
875,0.33477061704982936,0.10083373864944066,30.12024757072152,0.25060394441045175,0.27838010118362266
876,0.33498260456349505,0.10080195993618035,30.091699856334962,0.25045987987810203,0.27971353106546326
877,0.33518646358168275,0.1007841477361124,30.06808409240905,0.24987486138264667,0.2806067730802084
878,0.3354128828030246,0.10073774270870309,30.033951548564275,0.250129661142057,0.28221309094043256
879,0.3356464727800035,0.10068335500079888,29.996845838088365,0.25071625196543884,0.28400603122951296
880,0.33587399364982434,0.10063933472518917,29.96341980263997,0.2510191834500197,0.28563544559912346
881,0.3360526068943369,0.10066070371912275,29.953852954568188,0.24943878610182446,0.2847991118825397
882,0.3362730656091387,0.10062544355193374,29.92372980264022,0.2495666452187147,0.2859879162284913
883,0.33648937289468567,0.10060468579706754,29.89832485097672,0.2491553649650689,0.2869036047567093
884,0.33669599157082,0.10060038908669472,29.878701144422337,0.24828487457124515,0.2872639687055827
885,0.3368783944271371,0.10062678041361948,29.870357398471842,0.24653466437356353,0.2867195555230717
886,0.33707819336193534,0.10063209783725233,29.854229617636317,0.24545858504237747,0.28649550919160705
887,0.33727847702521363,0.10063956863404301,29.838716517484627,0.24430650001478046,0.2862719752960423
888,0.3374668583987344,0.10066415953138759,29.82934680135248,0.24269634915904997,0.28554681358287715
889,0.33767208350272815,0.10066589448255106,29.81173138102717,0.24179695581718794,0.285729759575156
890,0.33790878838333704,0.10063023591084726,29.780295562093624,0.2419891107313843,0.28710263955166004
891,0.3381604976629793,0.10057888004376392,29.742941809839596,0.24269663309356654,0.2889471730435358
892,0.338426653911827,0.10051149422370327,29.699638920842897,0.2438783186867062,0.29131452877600017
893,0.3386655279070185,0.10048465347736402,29.670765164192424,0.2437963345885216,0.2924316131806428
894,0.3389313681066846,0.10041893191114656,29.628102135278883,0.24493324305692457,0.294932683917946
895,0.33918782418279886,0.10037320104202424,29.59221820059496,0.24541021073035707,0.29683340061513963
896,0.33943582585923215,0.10033755585168243,29.560095961495104,0.24561100848927295,0.29821100096934794
897,0.3396840302982535,0.10030435900778926,29.528723773007172,0.24572996874075412,0.29955453843745694
898,0.3399036354748735,0.10031616123116299,29.51311806095072,0.24461236444960854,0.2992626262012701
899,0.34011878062119744,0.10033375809814199,29.499623018432292,0.24340134911417227,0.2987391901262284
900,0.34032424862431176,0.10036291878514737,29.490381361552426,0.24184606030684622,0.2978317370987562
901,0.3405300083525924,0.10039368905134684,29.48159827001119,0.24031683855009167,0.2966453500025854
902,0.34075514727358797,0.10040599503778921,29.465730992223136,0.23928505805505088,0.2961187678498254
903,0.3409732527390936,0.10042430793592548,29.452253843725472,0.23810407543583012,0.2952883857991604
904,0.3411937784275108,0.10044148255828982,29.438251488993476,0.23694166505802286,0.29467969817944484
905,0.34142355777721306,0.1004490953861184,29.420669165325673,0.23605630253146387,0.29447585299256307
906,0.3416539794221292,0.10045691079726625,29.403114509943144,0.23518554293991253,0.2943444166666871
907,0.34189388842748586,0.10045242783060952,29.381170951207285,0.23462417531882032,0.2947103367768449
908,0.34213392956436706,0.10044989463026455,29.359816712176308,0.23408490527891626,0.29495069709158184
909,0.342374963138376,0.10044926130812375,29.33896228490448,0.2335981784800429,0.29502059701091765
910,0.342615466197947,0.10045235003621024,29.319268960897876,0.23293465372841274,0.2949763872418818
911,0.342863712287017,0.10044964265051531,29.297251079877253,0.23241730193574686,0.29521819611749933
912,0.34311340783959937,0.10044990963255152,29.27600826357401,0.23194543654620747,0.2953238944599148
913,0.34335527687966216,0.10045805610270171,29.257758032916403,0.23129463896767474,0.29514164693685885
914,0.34360959495914,0.10045335404705799,29.234734862105142,0.23100743805553198,0.29551484942237005
915,0.3438604132701996,0.10045586238300193,29.214139955117613,0.23051335936875625,0.29552870855078917
916,0.3441122403734708,0.10046077986320044,29.194189591793844,0.2299611714709181,0.29548854772453526
917,0.3443660633494033,0.100464989850318,29.17389387129691,0.22945726997623617,0.2954293081926642
918,0.3446202462556993,0.10047128637531626,29.154203058856027,0.2289204116313138,0.29543753255358984
919,0.3448771071561153,0.10047598087193273,29.133850518657457,0.22843636537031042,0.2954441244067785
920,0.3451339026842565,0.10048317693339051,29.114258596993555,0.2278238850243157,0.2954292185670293
921,0.3453910362877644,0.1004890405665372,29.094281555938878,0.22732388405751974,0.29532796132488137
922,0.3456494046919302,0.10049665516228379,29.07473694388517,0.22684420103650474,0.29507439171203265
923,0.34591448683434234,0.10050215977446698,29.05404763304904,0.22637060218084665,0.2951079559099421
924,0.3461750487942796,0.10051448511224381,29.035739422102676,0.22568368283024576,0.29486296389737277
925,0.3464389039232379,0.10052195343926554,29.01578093594785,0.2251614454775642,0.29461755241494725
926,0.3467016372654907,0.1005292146434602,28.995886906204255,0.22464830992421447,0.29444303707993047
927,0.34696353321695694,0.1005425122229208,28.977832710751013,0.22392245403678981,0.29408417496978956
928,0.34723033954712607,0.10054961866313787,28.957613206921767,0.2233769840689443,0.294041156238805
929,0.3474921802390313,0.10055897139017027,28.938484693669437,0.2227777333963872,0.29378425854958534
930,0.34775661847405137,0.10057018909824761,28.919705263855928,0.22215980153299544,0.29342851140871273
931,0.3480198780810723,0.10058023967910468,28.90071688826757,0.22156574065401805,0.2931406466665192
932,0.34828168062784964,0.10059051627489447,28.881942941575133,0.2209577681065814,0.29275685829504106
933,0.34854702646453395,0.10060045704455514,28.862807428021952,0.2203373020148648,0.292500088879724
934,0.34880868282888605,0.10061323243922204,28.844818776652858,0.2195911150950613,0.29210119031464243
935,0.34907084517868797,0.10062592618150215,28.826791916693058,0.21892406299878878,0.29161982395418473
936,0.34933773194401674,0.10063174236539105,28.806433764079575,0.21838995943106765,0.29137596225824236
937,0.34960170357645065,0.10064145208873278,28.787460432590418,0.21773224870539143,0.29092966487465155
938,0.34986801033963677,0.10064522949316408,28.766628133695914,0.21726841672879696,0.29061169528140285
939,0.3501280077366021,0.10065968661677822,28.74939576170768,0.2164656866134049,0.2898362860617496
940,0.350392597182201,0.10066841876206933,28.73017854019406,0.21585804822891141,0.2892818209500305
941,0.3506612343568029,0.10067283986393671,28.709429500696,0.21541616065232502,0.2889373639088393
942,0.3509232378569151,0.10068403394788364,28.691184591467948,0.21475638071121833,0.28829163584940964
943,0.3511845406786756,0.10069545512513456,28.67308877849159,0.21405418199330925,0.2877481951428482
944,0.3514470507373745,0.1007071778804068,28.655007253329366,0.2133675014620066,0.28714879554334294
945,0.35170606840648283,0.10072001485411389,28.637553884258587,0.21258296721201983,0.28639388754829476
946,0.3519617956082667,0.10073765020010672,28.621757093269203,0.21168775901524226,0.28562355966320796
947,0.35221735042524355,0.10075741319705969,28.606601314617798,0.21076577404987615,0.28472679342769824
948,0.3524732174529736,0.10077760419266513,28.59156361464845,0.20987071286410783,0.2838280737385488
949,0.3527260261914942,0.1007991836031559,28.577189126506997,0.2088710630082853,0.2831119722540487
950,0.3529767835482971,0.10082520829389403,28.56426059537095,0.20782447616996727,0.28226085157716607
951,0.353226834420136,0.10085235718500332,28.55172579132174,0.20685894629634305,0.2812871698016366
952,0.35348017984490626,0.10087555690132795,28.53782550002898,0.20595304961647107,0.280511358116569
953,0.35373588477571816,0.10089505880779123,28.522709498857456,0.20513236735685095,0.2798432403592712
954,0.35399294253130525,0.10091373514145577,28.507273173258675,0.2042980980784119,0.2790702512856802
955,0.3542449608628946,0.10093533723382753,28.493090484043073,0.20347766513093446,0.27814517391641225
956,0.3544988484514787,0.10095520809211209,28.478289431151737,0.20274768929819845,0.2773883706691622
957,0.3547582137831427,0.10097127513348308,28.461997836984544,0.2020992012989243,0.27684394520487476
958,0.35501793265680043,0.10099086290273658,28.446693423896846,0.20138780379768428,0.27605879677045353
959,0.3552781801107955,0.10101034662831775,28.43133980162168,0.20062053342042738,0.27546473685748074
960,0.35553947426282473,0.10103015510268426,28.416016340284045,0.1999205223815816,0.27482248920896213
961,0.3558044770016195,0.10104733420005725,28.39968036703409,0.1992804202054555,0.2741734822692652
962,0.3560714771282607,0.10106486467873524,28.38330817560279,0.19859471264469045,0.27350986636962205
963,0.3563392930973665,0.10108713938146847,28.368226951005184,0.19791220871452764,0.2726539261978038
964,0.35660618890333107,0.10111318585459803,28.35429922446125,0.19714709742443703,0.27176653289202823
965,0.3568798422059447,0.10113307351973479,28.338129969631044,0.19647717983819174,0.2711830281863512
966,0.35714869879388095,0.10115597438128843,28.3232095547037,0.19578352739826377,0.27044535633965605
967,0.3574230429239355,0.10118101260343931,28.30847495889402,0.19509744313502628,0.26988531404085814
968,0.35769682983484063,0.10120595867790219,28.293781279703268,0.19437592385424954,0.2692249426372144
969,0.35797093211951564,0.10122813390922775,28.278311121482552,0.19372829073104464,0.2686536444768217
970,0.35824828318693475,0.1012463907479563,28.261514569527108,0.19304834907818627,0.2681861243581416
971,0.35852305971993426,0.10126452265244983,28.244911981827375,0.1923161746110849,0.2673868437829383
972,0.3587916054366046,0.10128618066845692,28.22980781426151,0.19147287123197212,0.2663165481732417
973,0.3590534177839898,0.10130724817449914,28.215090890861987,0.19058875898601293,0.26520715470771883
974,0.35929893170254373,0.10131346122831411,28.197540345649973,0.18985846542628887,0.2647783666843848
975,0.3595600302372873,0.1013310291490337,28.181950335848377,0.18889744433486835,0.2633892253914012
976,0.35981918161187937,0.10135194102512517,28.16746471688908,0.1879651593677686,0.26209724623834374
977,0.36008008516864737,0.10137051975775692,28.152215002470616,0.1871112541213922,0.26095066007479994
978,0.36034120482467547,0.10139033096418927,28.13731252675388,0.18622128787437653,0.2598846913037498
979,0.36060701286448904,0.10140741492485163,28.12130971034639,0.18543848053787773,0.25921992433160845
980,0.3608649150585993,0.10143246434289462,28.108153525100505,0.1848070339023348,0.258284991217812
981,0.36111364531656576,0.10146943850179552,28.099031930195718,0.184097038415177,0.25694365881370684
982,0.3613717268284126,0.10150622101461691,28.089142973493974,0.1833881888623947,0.2558692373632945
983,0.36163605896693823,0.10153720544996937,28.077179510257906,0.18279842645613645,0.25528689404179383
984,0.3619062927484366,0.10156424509670278,28.063685857847393,0.18234536517965413,0.2550714488628283
985,0.3621795054521514,0.1015947606147518,28.050941338582668,0.1818267255256118,0.25486938195414277
986,0.36245512523270307,0.10162292807370077,28.03738200927823,0.18130325106245868,0.25476880705263305
987,0.3627307746916062,0.10165191524082233,28.024066975636906,0.18098732693321468,0.25488736892246155
988,0.36300381701980716,0.10168198547218538,28.011271701486585,0.18063412324345315,0.2549915411624175
989,0.36327295222032047,0.10171404646772768,27.999344802868613,0.18023317386762733,0.25479567480091614
990,0.3635407807380472,0.10174796369175321,27.98804675645693,0.17976475278276471,0.2547317034630652
991,0.3638085172448115,0.10178096158021983,27.976519722799697,0.17920693863997514,0.2546295161059753
992,0.36407967140237185,0.1018079344546163,27.963092271114665,0.17883158741413588,0.25450215999513004
993,0.36434493500548126,0.10183978147643076,27.951474466057462,0.17836370922786807,0.2540531329185822
994,0.36461042217417844,0.1018659321994067,27.938294136513797,0.17797482750829224,0.2537902474620082
995,0.36487077557169195,0.10189817251407296,27.92719486903697,0.17750260332413828,0.2534046010187829
996,0.36513134845985,0.10192548461360854,27.91474493864673,0.17711042845074076,0.2532499038396794
997,0.36538920227575555,0.10195086508441069,27.901991752747364,0.1766857085805273,0.2531504817363919
998,0.36564756526882924,0.10197759914932789,27.889587908059095,0.1763600454872634,0.25304087129482733
999,0.3659051185782445,0.10200376045479026,27.87710673497396,0.1759581418564076,0.2528871786970748
1000,0.3661566382996986,0.10202265317118157,27.86311717437066,0.1754990543953823,0.2531413952335111
1001,0.3663748066992799,0.10200466459190927,27.84161539677989,0.1784146952840104,0.2597690935071988
1002,0.3666267997596482,0.10202442183438004,27.8278679849004,0.17816792203654105,0.2599646475261186
1003,0.366879715433565,0.10204942900603615,27.815500479615746,0.17794475281624275,0.2600113380985407
1004,0.3671356768635673,0.1020743013419245,27.802882632911952,0.17772948409792336,0.2600066312180118
1005,0.3673928729324813,0.10210180375195183,27.790904852614247,0.17736753329875207,0.2599896070896115
1006,0.3676534736412039,0.1021302917191403,27.77895465195852,0.1769677330366045,0.2599031884623595
1007,0.3679184457057329,0.10215790674130738,27.76645420572768,0.17654138863144203,0.2598748377143796
1008,0.36817898985477243,0.10218912091783014,27.755283091557846,0.1760206099395893,0.2597260392030645
1009,0.36843381352512644,0.10222300288911344,27.74528263599292,0.1754758265949685,0.25948604292437194
1010,0.36868598581979223,0.10225428690604499,27.73479080813916,0.17510803853746582,0.2592722929949671
1011,0.36893230067815236,0.10228250919006215,27.723923603883886,0.17486967749963922,0.2591435890140441
1012,0.36918056793198295,0.10230750016713938,27.712049076751054,0.17466917314848449,0.25925694347940675
1013,0.3694398080726013,0.10233625555282783,27.700386725167686,0.17435732546918786,0.2590874570821482
1014,0.3697028278546478,0.10236828045771841,27.689342018764723,0.17389885809823522,0.2588099775862016
1015,0.36995851676966396,0.10240337538675416,27.679691301852223,0.17337024765534523,0.25847986776117704
1016,0.37021543002917506,0.10243392572178031,27.668734853571053,0.17290966157285934,0.2584114898744043
1017,0.3704733805742831,0.10246439311384961,27.657693774115742,0.17241991500517775,0.2582657547875149
1018,0.37073018452373124,0.10249459641298066,27.646682328997073,0.1720007549613153,0.25818351893410485
1019,0.3709765392533822,0.10252820529738367,27.637382542769224,0.17157525782797312,0.2579149090947741
1020,0.37122357044161247,0.10255606671962617,27.626496506572607,0.17136903223138167,0.2578968932906256
1021,0.37147258040022924,0.10258117596122057,27.6147369613925,0.17121020379166263,0.25796258743124234
1022,0.37172535236250837,0.1026105759705,27.60386810271516,0.17092253508453617,0.2577471438302279
1023,0.37197719739263024,0.10264243235968913,27.593743132417803,0.1705469690650362,0.25761401031124587
1024,0.372227260861898,0.10267629192364784,27.584302043299918,0.1700125764419212,0.25739417674184173
1025,0.37248015292535563,0.10270873639371125,27.574284317450303,0.16947514132275063,0.2571419466048428
1026,0.3727302290895433,0.10274290796655625,27.56495179302285,0.16894849924681776,0.2569184909591775
1027,0.3729770355123701,0.10277388489501083,27.555016826659894,0.1685704644528516,0.25680722566525827
1028,0.37322066761168,0.10280289204848037,27.544801499428846,0.16829769128111338,0.25671097012074284
1029,0.3734587526631537,0.10283343910561246,27.535420812151777,0.16807495665025918,0.25654237908247923
1030,0.3736988646744899,0.10285943509576718,27.52468493190709,0.16793532160937755,0.2565468555082546
1031,0.37394191777649055,0.10288578024844641,27.51383981240168,0.16770698671743015,0.25659504238248454
1032,0.37418680773862023,0.10291521429489554,27.50369926637944,0.16735557079824706,0.2565347302857117
1033,0.37443467206714504,0.10294425390050126,27.493248243325315,0.16697305509471388,0.2564919851981484
1034,0.37468217159189776,0.10297177684778556,27.482433020576703,0.1666096664316527,0.2564871743913444
1035,0.37492455940932307,0.10300547751811835,27.473654348063754,0.1661577730158134,0.2561536561158859
1036,0.3751655971450532,0.10303368533055972,27.463521739367536,0.16586268906719076,0.2560673232029562
1037,0.3754053599100829,0.10305767682451848,27.452372243487112,0.16572884266401433,0.2560264986757783
1038,0.3756444541182201,0.10308179092740341,27.441318458800474,0.16557572529141587,0.2559569059424729
1039,0.3758808430367242,0.10310969531535949,27.43148453173111,0.1653334182631862,0.2557909596132002
1040,0.3761232983641029,0.1031366057246394,27.42095641860476,0.16507500660511112,0.25568897867403795
1041,0.37636450627144535,0.10317127356480423,27.41259386728514,0.16455919337750574,0.25533227455891794
1042,0.37661094916819887,0.10320200536981441,27.402815982315794,0.1641018382208984,0.2552248507511048
1043,0.3768551728957321,0.10323393159906312,27.393529139011118,0.1636802565810227,0.2550453134843411
1044,0.3770959949142935,0.10326312870917499,27.3837776327072,0.16341488181374247,0.25497315480922467
1045,0.3773303092092832,0.10329533106710992,27.375307137020364,0.16308660775055425,0.2546471003372437
1046,0.3775608645490944,0.10332674938012859,27.36691195564655,0.16281752340823066,0.2542452479987891
1047,0.3777905767666492,0.10335779120485424,27.358488422196803,0.1625829439786129,0.2539949866105595
1048,0.378023598366694,0.10338814478476245,27.34965362783328,0.1623553923596529,0.253809032098705
1049,0.3782564833596183,0.10342269507434429,27.34194908062359,0.161976582050631,0.25345653985667704
1050,0.3784957555105015,0.1034556469666266,27.333370443504528,0.16158176218046455,0.2531837765395335
1051,0.3787356248998181,0.10348954161382604,27.325008478196565,0.16117063615923694,0.25299090147820014
1052,0.37897261068582605,0.10352468522706575,27.317194516964516,0.16074620375617232,0.25272102390745843
1053,0.37920429229356956,0.10355865339075546,27.309462338728803,0.1604210898347882,0.2524530010229502
1054,0.37943487616922045,0.10359013090689058,27.301162179064274,0.16026855351024583,0.25224333222328266
1055,0.3796626515523582,0.10362256891665073,27.293326981982695,0.1600908533992964,0.25200133368268096
1056,0.3798903207648553,0.10365627058958615,27.285841445206856,0.15986771435771854,0.25170396334000955
1057,0.3801245139791962,0.10368849358679684,27.27750770434963,0.1596436412614715,0.2515276302856928
1058,0.38035963689852254,0.10372425156057657,27.270046949868533,0.1592701593018298,0.2513731803296775
1059,0.38059979155432644,0.10375707407251845,27.261463714624306,0.15893404004381728,0.25129865529863915
1060,0.3808384412339737,0.1037910806495536,27.253309910957235,0.1585554599945301,0.2511811426093926
1061,0.38107301403864263,0.10382600830494569,27.24569950639885,0.15822363605853565,0.2509763791247983
1062,0.38130737253005953,0.10385881280688859,27.237556965595022,0.15796048415925512,0.2508224789421387
1063,0.3815421964503326,0.10388966929845186,27.22888064937157,0.15779641473532924,0.2507282770972816
1064,0.3817748363594937,0.10392290494055283,27.22099390612928,0.15760381687578043,0.25055280201578123
1065,0.38200698046231657,0.10395935265877079,27.213992930955342,0.15730340551301292,0.2502857051787859
1066,0.3822450355122206,0.1039941056292035,27.20613637005071,0.15697647022890263,0.25014984633421067
1067,0.38248857771761713,0.10402952075821448,27.19807252257796,0.15658841024488068,0.24992160770677385
1068,0.38273329380050825,0.1040640514342956,27.189704454751933,0.15618170499903597,0.2497384682231396
1069,0.38297592758275406,0.10409972854790665,27.181794220059068,0.15579362429438182,0.24952197968822087
1070,0.38321086030363505,0.10413762862173227,27.175020180591797,0.15546062743625874,0.2490920988318952
1071,0.38344455139183303,0.10417296043561315,27.16767262893279,0.15526951489298543,0.24876765578776583
1072,0.38367386505408974,0.10420865618795881,27.160738762664387,0.15511581606950509,0.2484821015155032
1073,0.38390362925689514,0.10424603699039772,27.154220238079557,0.1549000048205894,0.24817477995522186
1074,0.3841373490065526,0.10428277877774819,27.147263614809127,0.1546233834506747,0.2479243214305873
1075,0.38437435309121254,0.10431878069851368,27.13989106181564,0.15427274476011724,0.247695686025045
1076,0.3846145371546204,0.10435684962865828,27.1328406878977,0.1538447380131626,0.24745576572990968
1077,0.3848552760103396,0.10439577388422998,27.125982256619828,0.1534118636643344,0.24716861649002153
1078,0.38509703084276353,0.10443405214732997,27.1188931056627,0.15303544535443112,0.24688028123779082
1079,0.38533556025447846,0.10447189244934915,27.111926130138404,0.152738970173576,0.24651669519800157
1080,0.3855697950305454,0.10450834929075821,27.104910871578753,0.1525448311641675,0.24613065767269804
1081,0.38579985151194657,0.10454789186672289,27.098997435328325,0.15230414355932095,0.24563473323308793
1082,0.38602783738311286,0.10458941804746276,27.093750221868873,0.15202006363659706,0.2451637431283049
1083,0.38626543910964944,0.10462782773927196,27.087028024159103,0.151690787492827,0.2448557546540795
1084,0.3865100274438049,0.10466455840903313,27.079390178111336,0.1513060783336629,0.2445639309680825
1085,0.3867542214957521,0.10470322364136961,27.07228979594205,0.15084742982613555,0.244149425345618
1086,0.38699565078653114,0.10474271623788008,27.06560552424831,0.15041038514396826,0.24375324880357052
1087,0.38723144405448834,0.10478218096551815,27.059316224013557,0.15005097884819085,0.2433695572482324
1088,0.38746389720143515,0.1048214142343781,27.053208051506132,0.1497709814383641,0.24286422081166936
1089,0.3876964009474301,0.10486014430226964,27.0469738811138,0.14953591435029484,0.24237023206578057
1090,0.3879311947657025,0.10489891555909395,27.040598171655,0.1492718284650452,0.2418553756246271
1091,0.38816908042790943,0.1049398168421374,27.03456357895739,0.1489363855042082,0.24125460275787436
1092,0.3884134945141889,0.10498259995383932,27.028566575717743,0.1484891722282042,0.24061617398186907
1093,0.38866285615860674,0.10502641237654806,27.022497959951323,0.14794205870448712,0.2399022500823378
1094,0.38891614384495604,0.10507072659150825,27.016293423241226,0.14738037340506027,0.239137520121385
1095,0.38917098403273787,0.1051165792538976,27.010384526780385,0.1468089810838236,0.2382830491459207
1096,0.38942159719428454,0.10516246774457048,27.004785687863215,0.1463246561827491,0.23735721371590968
1097,0.3896627900423798,0.10520727074119324,26.999568198377595,0.14598774842058143,0.23646696130619693
1098,0.3898924777931335,0.10525121174324228,26.994932638604467,0.1457539793819016,0.2356786578395047
1099,0.3901112974422354,0.10529404782807782,26.990771228220822,0.14561172441212808,0.2351316819346927
1100,0.39053683426015895,0.10539004394967282,26.985942094124333,0.14273999189257008,0.22901407753733016
1101,0.3907413865452575,0.10542848143555472,26.981652076249546,0.14274509386261794,0.2288374565780238
1102,0.39096266345337216,0.10546929347870454,26.97681986998312,0.14250398642185255,0.22841636516366748
1103,0.3912007232339488,0.10551115199276923,26.971103509353856,0.14212495285549456,0.22778483767066682
1104,0.39144190928594563,0.10555298853657631,26.96517312852942,0.14171008358957624,0.22712895082186924
1105,0.39167849077641576,0.10559460419069946,26.95951058772249,0.1413739158011454,0.22645715373834863
1106,0.39190621030373474,0.10563563984997786,26.954316383021393,0.1411423184586319,0.22580126132546496
1107,0.3921291694262152,0.105675948310986,26.949269921851727,0.1409442974291648,0.22528360089031896
1108,0.3923529066044049,0.10571679865429517,26.944313875285133,0.1407461101147973,0.2247631384854505
1109,0.392578125145402,0.10575872339942956,26.93953550271272,0.14046484230668768,0.2242745173431966
1110,0.3928084579343249,0.10580047287860302,26.934367308428016,0.14017188434609806,0.2238808741020275
1111,0.39303890561075816,0.10584130386405653,26.928963609743846,0.13989956729808528,0.22351940525110292
1112,0.3932669246232902,0.10588512748665527,26.924493481897176,0.13962182432928497,0.2230226774627564
1113,0.3934919609121758,0.10592837767665257,26.920086863043924,0.13941551107563507,0.2224926691022846
1114,0.3937153217315943,0.10597191005217266,26.915871494687828,0.13923263453294324,0.22189396638825487
1115,0.39394014333390637,0.1060162803004424,26.911773804829604,0.13900164897253564,0.22125506058657107
1116,0.394168695054588,0.10606055941239416,26.907403034050166,0.13869857055497395,0.22062262563272883
1117,0.39440495322485486,0.10610583974721191,26.902765515401562,0.13829532993552618,0.21999782900157605
1118,0.3946475270772355,0.10615261524245939,26.89808194887904,0.13779950858841536,0.21936657213926258
1119,0.39489524808712656,0.10619831992383527,26.892782437433766,0.13727289622259475,0.21875424814743782
1120,0.39514290753643766,0.10624532441674563,26.887822706762954,0.1367522751565545,0.2180908121027918
1121,0.395388670482049,0.10629060514448609,26.88256216722117,0.13633589589866202,0.21747175579469635
1122,0.3956299288164287,0.1063353586695172,26.877480929623133,0.13596962862746745,0.21674396039023724
1123,0.395864003567307,0.10638237306063184,26.873464649973943,0.135631093781325,0.21593614565381358
1124,0.396095555021028,0.10642841674932742,26.869379219283925,0.13537022561780118,0.21526593767507363
1125,0.3963243826183571,0.10647471169330901,26.865546598438645,0.1350742788337365,0.21459820956617515
1126,0.3965551750882477,0.1065188873279792,26.861050875020087,0.13476901919051182,0.21405648818066103
1127,0.39678691074891,0.1065640207867708,26.856737936651694,0.13441098957741757,0.213471419795209
1128,0.3970161069872935,0.10660830325202766,26.852387441157312,0.13405746873551314,0.2129211478959605
1129,0.39724430242417225,0.10665149045359691,26.84783389031867,0.13373466549402047,0.21240488835598637
1130,0.3974669681578095,0.10669619586509227,26.844040992792596,0.13347222184584687,0.21178384689134644
1131,0.3976845345339961,0.1067394573741068,26.840233427529014,0.13327624614851533,0.21122068274196737
1132,0.3978981299621795,0.1067836231592902,26.83692511182198,0.13309429904105055,0.2105509213876351
1133,0.3981111071304283,0.10682706511039448,26.83348020114295,0.13291632871482675,0.2099085649389587
1134,0.39832485413887436,0.10686994263494168,26.829845420010344,0.13266550022945534,0.2093221899434865
1135,0.39853840230365994,0.10691360316926204,26.826424392548486,0.13235828365905472,0.20872547838063404
1136,0.39875364016732695,0.10695580396874918,26.8225272937616,0.13204649266888724,0.2081800183736391
1137,0.398967078032115,0.1069984489278365,26.818866723440177,0.1317135444238073,0.20760256873258642
1138,0.39917635391511574,0.10704057062479162,26.81535856894811,0.1314464932392342,0.2070132733314538
1139,0.3993815383388644,0.10708070243628559,26.81163052294884,0.13125538022067368,0.2064278613236361
1140,0.39958077078939636,0.10712139504717864,26.808445970899385,0.1310739150653298,0.20573319524878952
1141,0.3997770903809951,0.10716216230165139,26.805478572952694,0.13086248707035938,0.20505117859977506
1142,0.3999728395134415,0.10720273445995471,26.802503537581345,0.13058652426193962,0.20435079334951078
1143,0.400169930295488,0.1072431122134381,26.79939298143894,0.13024597872951935,0.2036822088033574
1144,0.4003697978325735,0.10728151736387384,26.795606947539234,0.1298895815012272,0.20304853557841973
1145,0.40056923678351647,0.10732137180548361,26.792215165410806,0.12950841296534246,0.20231705527484767
1146,0.40076665133036843,0.10736209447167339,26.789178719157047,0.12911708548025147,0.20157316920108936
1147,0.40096151560594967,0.10740117594624689,26.785906319198183,0.1287875005781912,0.200887414186524
1148,0.40115151568343427,0.10744002425134876,26.78290372860868,0.12848208732044958,0.20015264352098505
1149,0.4013392119722949,0.10747904939459596,26.780101766386938,0.12818778757274443,0.1994140843937715
1150,0.40152784323474605,0.1075173830441696,26.777067856116645,0.1278953994157602,0.19877393212464733
1151,0.4017190784116401,0.10755584278527215,26.773894635658817,0.12754282139896458,0.1981473911794227
1152,0.4019137239652939,0.10759360100113846,26.77032272986762,0.1271960807104837,0.19755346965892517
1153,0.40211092023150713,0.107631696806952,26.766668446851742,0.12683201787605217,0.19697177460011872
1154,0.4023083931110696,0.1076712841054563,26.763370078568144,0.12645553715859842,0.19640219758435506
1155,0.4025058909548048,0.1077106682735733,26.760022820552344,0.12613502450766892,0.1958674598732908
1156,0.40270257256229913,0.10774992470548903,26.75670135899612,0.12587700688903203,0.1953102321735476
1157,0.40289654362229366,0.10779076883277185,26.753957197960787,0.12565038169286244,0.1947241941345963
1158,0.4030915438165284,0.10783339116047183,26.75158851994012,0.1254261747100718,0.1941604070732712
1159,0.4032898637890475,0.10787592788235799,26.748980712985542,0.1251843446257075,0.193611853670145
1160,0.4034934981891023,0.10791924591749061,26.74621682922705,0.12492520911104424,0.19313083410147858
1161,0.4037018590906396,0.10796285199135779,26.743213973438216,0.12465121173156604,0.19271193549751997
1162,0.40391161368525297,0.10800678198868761,26.740202145524737,0.1243787608018894,0.19232042065052246
1163,0.40412164964048136,0.10805107431660463,26.737264487742756,0.1241084153404069,0.1919618123625808
1164,0.4043294794240725,0.10809599233555825,26.73463050221575,0.12387026866615346,0.1915347303165924
1165,0.40453472765022297,0.10814146440099866,26.732306773549023,0.12366819779152807,0.1910909656032751
1166,0.4047405250969679,0.10818690620037077,26.729941651988348,0.1234660868234238,0.1907190284675413
1167,0.40494712203493033,0.10823290197693242,26.727662968202637,0.12327772163076638,0.190374372258034
1168,0.40515793144283324,0.1082784564069137,26.724999809658552,0.12304804331052449,0.190076789135583
1169,0.4053716326346264,0.10832445881234692,26.722259302732958,0.12276588976655417,0.18980970001695407
1170,0.4055865991851907,0.10837047428727448,26.71944154589599,0.12245706500330186,0.18951539695084918
1171,0.40580205669317587,0.10841603113282423,26.71648143340901,0.12216754738649298,0.18925057668416168
1172,0.40601483820970674,0.10846220105450645,26.71385152640301,0.12188444766176451,0.1889632086973796
1173,0.40622612654657797,0.10850759149032672,26.71113067314867,0.12165480931523959,0.1886450668220121
1174,0.4064336197238209,0.10855370757054132,26.70884058368635,0.12144784009663116,0.18834332244358887
1175,0.4066406930733987,0.10860026106563046,26.70668797183761,0.12124559144274799,0.18804939654614028
1176,0.40684818846565507,0.1086464615932246,26.704423092791085,0.1210217912039313,0.1877545099319864
1177,0.4070578478358123,0.10869265594920037,26.70201705410721,0.12075915226810827,0.18752563274323997
1178,0.4072690985085332,0.10873830604579811,26.699375534262344,0.12046443675152414,0.1873141657073507
1179,0.40747971049121756,0.10878361450524004,26.696694756679097,0.12017922760301857,0.18707799509602774
1180,0.40768932485250514,0.10882859506615293,26.694001640961584,0.11990334828318341,0.1868674591096222
1181,0.40789531393893413,0.10887398979602589,26.69165005713338,0.11963903749113008,0.1865700486960966
1182,0.4080985772303361,0.10892045841945745,26.689742257538267,0.11941733213340577,0.186246657154844
1183,0.4083000545131675,0.10896692535470125,26.687952683383028,0.11918165786230159,0.1859619845534075
1184,0.40850194137362034,0.10901300158682573,26.686042475162008,0.1189327432689537,0.18569645615780006
1185,0.4087058896044548,0.10905830110923845,26.683809527380433,0.11867034990608774,0.18547088754885133
1186,0.40891106934352345,0.10910403541618009,26.681604778109474,0.11835703897210499,0.1852710033132765
1187,0.4091176716214963,0.10914984282985472,26.679327342974556,0.11804833755698665,0.1850489574234837
1188,0.4093229852564716,0.10919558361075711,26.67711991359046,0.11774949177620753,0.18484389510965293
1189,0.4095254155903033,0.10924106835611663,26.67503998467421,0.11746998398689928,0.18461356482552294
1190,0.40972503769491986,0.10928629594753464,26.673082163191825,0.11723739197959979,0.1843578544952118
1191,0.4099210722147893,0.10933153597046455,26.67136270398349,0.1170158775138763,0.18409631938012616
1192,0.410116710804694,0.10937629534455233,26.669553437591958,0.11680674750831618,0.18386946430760354
1193,0.4103129067229239,0.10942046538445162,26.667566043283415,0.11659428716065375,0.18374239364916845
1194,0.41051023437501555,0.1094636892934218,26.665276557617528,0.11634491982251563,0.18365651381548354
1195,0.41070844549981317,0.10950685556598883,26.662917883932007,0.11608191990978699,0.18357219985020956
1196,0.4109056336315869,0.10955007599903883,26.660641040823528,0.11581666599619574,0.18344706403608058
1197,0.4111016130123327,0.10959423645130094,26.65867342340328,0.11554760649987642,0.1833383003908411
1198,0.4112950245204425,0.10963829433633425,26.656849171508746,0.11531886941300182,0.18315968925289372
1199,0.4114858201440566,0.10968265443499682,26.655269529481757,0.11511411567264987,0.18297499293695596
1200,0.4116757220385929,0.10972715169307387,26.653782532939218,0.11490436393824467,0.18281989324924774
1201,0.41186593330263843,0.10977109476786008,26.65214233370461,0.11469361305984004,0.18268126981741828
1202,0.4120584029522137,0.10981403821388314,26.650114990281665,0.11447803861190821,0.18262276794220078
1203,0.4122528710309689,0.10985678977269436,26.647913815120962,0.114235041460905,0.18258528812561448
1204,0.41244771488324994,0.10989972647488735,26.645735328172755,0.1139696445189584,0.1825661171803974
1205,0.412642917178688,0.1099426149732019,26.643524072798545,0.1137167043170139,0.1825638281407862
1206,0.4128353257808506,0.1099859483955968,26.641602965435602,0.1134741252324234,0.18248706718579877
1207,0.4130244429430451,0.11002942112738529,26.639929671803475,0.11325202159013097,0.18232785629336234
1208,0.41321078993425014,0.11007276697454998,26.63840578607947,0.11302223966908129,0.1821471475055736
1209,0.41339618790156213,0.11011545178073304,26.636784518911366,0.11277601158998415,0.18196971619041769
1210,0.413583608593866,0.11015786487390011,26.634968742698355,0.11251009750537497,0.1818106520866798
1211,0.41377222124227026,0.1101995196297123,26.632894615027507,0.11218799812441331,0.1817176626984187
1212,0.41396183226010913,0.11024081285697805,26.630670816943635,0.11185737178536435,0.18163639875025206
1213,0.41414936047504797,0.11028183425723455,26.628517337497833,0.1115142801251908,0.18153939691550613
1214,0.41433481882188505,0.11032215164032602,26.626328908107403,0.11116463116967719,0.1814273735036518
1215,0.4145181421581832,0.11036110826915933,26.623951293076264,0.11083184051470704,0.18126847030749227
1216,0.4146978109808655,0.11039957977295944,26.621693399305972,0.11049783777656155,0.18108833526302348
1217,0.4148762586866981,0.11043660563395968,26.619167359334977,0.11015227475027442,0.1809142311976064
1218,0.41505472090328127,0.11047262181318347,26.616399296160882,0.10979475275766166,0.18077201600396942
1219,0.4152335692711712,0.11050814664925884,26.613490533346233,0.10939518271311655,0.18069725715630902
1220,0.41541328587151505,0.11054263259830059,26.610278572672037,0.10894661335214649,0.18056002522950765
1221,0.41559179561556664,0.11057669436497797,26.60704458835475,0.10846796938365763,0.18035325881238196
1222,0.4157688786507212,0.11061034523335866,26.603805843361382,0.10796423109660744,0.18011993473764587
1223,0.4159435352496948,0.11064378751750466,26.600674885134147,0.10747257322206956,0.1798018416054692
1224,0.4161147240039116,0.11067718841856933,26.597758270512177,0.1069610159894591,0.17938331397362406
1225,0.4162841402864938,0.11071033563942705,26.594896352100832,0.1064349585946415,0.17894258545585018
1226,0.4164532582792685,0.11074291884660514,26.59192037641408,0.10590566859050682,0.17847199861648644
1227,0.4166226137415103,0.11077477893530983,26.58875809464319,0.10533887120494376,0.17800805078788917
1228,0.4167929872963849,0.11080685387334116,26.58558499079196,0.10473481871907232,0.17757311782552243
1229,0.41696438441116673,0.11083795207539321,26.582114976538712,0.1041357472738652,0.17714958666324154
1230,0.4171358518935397,0.11086958085958548,26.57877052674948,0.10354296372043638,0.1767457141490456
1231,0.41730535838944116,0.11090083132481114,26.5754630500851,0.10294598079960478,0.17632062792932368
1232,0.4174730622190498,0.11093106814625683,26.572030194381945,0.10238180119004535,0.17585909808538336
1233,0.417637737708623,0.1109620510230844,26.5689713845975,0.1018204394246346,0.17540317843257114
1234,0.41780201652054216,0.11099290318975137,26.565908923585617,0.10126964913620858,0.1749437991313596
1235,0.4179673907928096,0.11102345956878938,26.562708482639678,0.10075024679330591,0.174550274556188
1236,0.4181342719673868,0.111055214502823,26.559701499781625,0.10020785971426263,0.1741997746732431
1237,0.418302965925256,0.11108777628032265,26.55677471341961,0.09967358085547981,0.1738989502246926
1238,0.4184718815156589,0.11112124962861823,26.554054056427724,0.09916124378618037,0.17363488544813022
1239,0.4186402924768916,0.11115545741556423,26.55154303421472,0.09865128774765447,0.17339930335220366
1240,0.41880797749625037,0.1111899820769756,26.549155711335775,0.0982181672459426,0.17317593440141055
1241,0.41897310136158655,0.11122653397151908,26.54741643557857,0.09779286037125545,0.17292671965893058
1242,0.4191391101459999,0.11126333251552314,26.545681331614812,0.09740208749051528,0.1727406481475393
1243,0.41930672308007577,0.11129934550744995,26.543658706420242,0.09704394740148412,0.17264195503990676
1244,0.4194771467106908,0.11133528855301092,26.541443181360663,0.09667696218937848,0.1726294928334311
1245,0.4196495119878666,0.11137166105311677,26.539208999803837,0.09630382216305806,0.17265921883367907
1246,0.41982223747026426,0.11140820109781405,26.53699379268946,0.09594055132390437,0.17268764607018383
1247,0.41999540156895127,0.11144431220588746,26.534650567499483,0.09560401149912048,0.17278938748312767
1248,0.42016725156860246,0.11148124235670022,26.532587187723315,0.09527631126074677,0.1728154504057664
1249,0.4203364671172983,0.1115179132328415,26.53063009204042,0.09497376519623475,0.17285686401392786
1250,0.4205017344469443,0.11155540988074747,26.52912003501443,0.09466351543204816,0.17286139597635808
1251,0.42066610030430784,0.111592884748078,26.527662834574084,0.09435472333588546,0.17283485078483807
1252,0.4208323493379674,0.11162898930966852,26.525762452738654,0.09404507231194446,0.172880668860647
1253,0.4209987986870967,0.11166639962299449,26.52416110716493,0.09368221334862377,0.172912892241452
1254,0.421166958487306,0.11170344893959426,26.52236759996476,0.09331369972396632,0.17291394103765523
1255,0.4213354718409198,0.11174018760547788,26.520479540271584,0.09294322896311367,0.17291294162351756
1256,0.42150258320325384,0.11177704073974178,26.51870835293113,0.09256983650601949,0.17289877753854288
1257,0.4216667056174103,0.11181405784279376,26.517165418378013,0.09220034732594658,0.1728038339093132
1258,0.4218278608558687,0.1118515899492311,26.515932286286052,0.09184842483587817,0.1727127063209304
1259,0.42198942019508184,0.11188730993691755,26.51424528254596,0.09152241419770073,0.1726937786191045
1260,0.422150765832698,0.11192337071881361,26.51265371935149,0.09116605316848249,0.1725941838948506
1261,0.42231316052687046,0.1119585657426134,26.51079251305734,0.09077289163186864,0.17249988074446154
1262,0.42247729995831773,0.11199278679900612,26.5085927244033,0.09036732676581655,0.17246280364725486
1263,0.422641038357949,0.11202707903617704,26.506436637442082,0.08996326528086865,0.17242785953334572
1264,0.4228029132995989,0.11206101761127882,26.504315388165782,0.08953499602224813,0.1723338971593087
1265,0.42296052749355956,0.1120955090353699,26.502593445218547,0.0891131236116804,0.17212983147935246
1266,0.42311489834763444,0.11212912269213383,26.5008684709579,0.088715503885368,0.17193160595835222
1267,0.42326562286182323,0.11216180688821843,26.499153446448005,0.08831658452766174,0.17167581081997074
1268,0.42341310057799525,0.11219542545545655,26.49786350547495,0.08787327070850191,0.17129420242525262
1269,0.4235640285538531,0.11222478000636806,26.49535192814408,0.08746719513709406,0.17110941492339027
1270,0.4237131954517777,0.11225535711127248,26.493240785570045,0.08698391190067112,0.17082541506411708
1271,0.4238625170157959,0.11228514611906869,26.49093553013658,0.08646793811335181,0.17052994468658067
1272,0.42401133511206623,0.11231431505501718,26.4885171113014,0.08592925764140175,0.17022286140555343
1273,0.4241578140610409,0.11234271870061079,26.48606602929245,0.0854125115632441,0.16986329007376977
1274,0.4243029021318733,0.11236922264414921,26.483255730648963,0.08493701998765063,0.1694663512841985
1275,0.4244423329744625,0.1123980023109278,26.481336468784907,0.08439079244528411,0.16891639283701831
1276,0.4245813090642549,0.11242426950107315,26.478855074625805,0.08385815284031813,0.1683824309580335
1277,0.42471955787998605,0.11244844730700779,26.47592869711514,0.08329403371122818,0.16783088975841487
1278,0.4248560722766525,0.1124727977939034,26.473152941230595,0.08265469544712904,0.16722323924524973
1279,0.424992201062785,0.11249592444644055,26.470115019786277,0.0819841141230171,0.16655958190737774
1280,0.4251273093336323,0.11251770254967149,26.466825367214792,0.08128249395601896,0.1658833538613016
1281,0.42526081843705305,0.11253678502845363,26.463003443876236,0.08057825238825177,0.16520208178860418
1282,0.4253914476559534,0.11255408800775417,26.458944726783805,0.07989081083045836,0.16444976216272078
1283,0.42551384972975054,0.1125746950018017,26.456176473057074,0.07908895957580515,0.1634393141043078
1284,0.4256344991562399,0.11259226896013373,26.452806147840917,0.0783061738995379,0.16243204976551695
1285,0.4257555743345791,0.1126071954501477,26.448789455345,0.07752935134981735,0.16143973404206458
1286,0.4258738859849267,0.11262396054536836,26.445378374140216,0.07665130825336193,0.16036579933588335
1287,0.4259952561217829,0.11263532914366817,26.440512546803607,0.07580481518927362,0.15941890611893506
1288,0.42611336485778706,0.11264968049568166,26.436551816035593,0.07486587810008273,0.15833455945213926
1289,0.42623385913017914,0.11265813388657037,26.43106160464897,0.07403065940023307,0.15748883156904192
1290,0.42634911568712164,0.11267082681714816,26.426893517900996,0.07314593728226722,0.156462110392245
1291,0.4264592689420734,0.11268763964738135,26.424009947521593,0.07217394832332882,0.155236247270794
1292,0.42657020598490164,0.11269975205794948,26.419977409753383,0.07130422729965788,0.15414196342150133
1293,0.4266777476239878,0.11271511743913327,26.41691957614441,0.07037319543266314,0.152967876606521
1294,0.4267905252350699,0.1127261292639402,26.41251916308412,0.0694749843388823,0.1520052143638675
1295,0.4269056513272791,0.11273592775233034,26.40769158286534,0.06855889393686503,0.15109369379925397
1296,0.4270172588075591,0.11275077340281052,26.404266122092064,0.06753377346281991,0.15000975515212644
1297,0.4271320267066049,0.11276135726320563,26.39964933855473,0.06657947608952397,0.1490825300814076
1298,0.4272474923723995,0.11276883172713456,26.394264153771196,0.06569184538639086,0.14823896002531667
1299,0.427353945576077,0.1127834225966646,26.39110361895256,0.06467898805194046,0.14711874482021736
1300,0.4274605645923462,0.11279381913718313,26.386953202279734,0.06377346763824554,0.1461169187147382
1301,0.4275631080006727,0.11280823940086153,26.38399742399759,0.06279636070655785,0.14497067326944935
1302,0.42766859262463564,0.11281824989558566,26.379830513905926,0.06186931794103503,0.14405236217565554
1303,0.42777638767147513,0.11282563962982044,26.374910556416353,0.060982464574105937,0.14325959112493702
1304,0.42787962063975876,0.11283925347274847,26.371728876461333,0.059973260232113836,0.1422175833808761
1305,0.42798376802464067,0.11285203093339818,26.368296969360966,0.058980699513562815,0.1412417099652794
1306,0.4280936002736129,0.11285773323926264,26.362863908063666,0.05816066384660013,0.14057713557411589
1307,0.42819874173137007,0.11286899432757967,26.35902054994545,0.057287034229824146,0.1397140767103986
1308,0.428299934571368,0.11288488696570981,26.35650343460412,0.056380272487927104,0.13870090851464445
1309,0.4284029237958742,0.11289874071827709,26.353401073441596,0.05557763572063081,0.13780228133583927
1310,0.42850725801851164,0.11291422035587194,26.35059692524368,0.054762480628462444,0.13692678403516512
1311,0.4286112338694721,0.1129327949491645,26.348538261495193,0.0538866332155028,0.1360318506400371
1312,0.42872019440919856,0.1129468123643577,26.34511129572634,0.05311161536316264,0.13531066906922673
1313,0.42882932150452197,0.11296145311073391,26.341821196931082,0.05231945148209547,0.13461467757641454
1314,0.42893858618264946,0.11297529334020659,26.33833769669296,0.051559797985535005,0.13396393997865008
1315,0.42904617235025044,0.1129867593823891,26.334405633655837,0.050886096451595385,0.13330923573896625
1316,0.4291466672982785,0.11300407338627848,26.33227332224276,0.05012473718390728,0.13242324796362182
1317,0.4292435408781673,0.11302378176311861,26.330921959102533,0.04931549582267079,0.13138930217329925
1318,0.42934117360144003,0.11304002225462328,26.32871692840692,0.04855523508219811,0.13037524890939567
1319,0.4294393969331042,0.11305601068556227,26.32641799820093,0.04774310105949205,0.1293561874809548
1320,0.4295394898468246,0.11306930852067199,26.323379152168975,0.04694742895271424,0.1284004330693027
1321,0.42963904936519914,0.11308262991219899,26.320379881503086,0.046116309900695686,0.12741297523300155
1322,0.42973598882920994,0.11309627252744257,26.31761720389456,0.04524656938542117,0.12633986521805296
1323,0.4298295100946259,0.11310966784685182,26.315007506569525,0.04440464634907467,0.1251953698779742
1324,0.42992385230936536,0.11311891210072496,26.311383165437086,0.04366199990219105,0.12419008673053034
1325,0.4300125893387896,0.11313216864426584,26.309036397800334,0.04288544695860766,0.12297315271809595
1326,0.430096065887311,0.11315025490807681,26.308135294063163,0.04204348860073119,0.12157120606553384
1327,0.43018181356855273,0.11316657476050532,26.306685032018763,0.04120445259027401,0.12029157876062868
1328,0.430273988658121,0.11317517607884302,26.303048537002688,0.04048001698982028,0.11926467497133819
1329,0.4303626355090814,0.11318839599566984,26.300702397590314,0.03966569493230802,0.11812280427708144
1330,0.4304506657163714,0.11320235670251333,26.298566994690997,0.03885253154147626,0.1170121251083871
1331,0.4305395159836062,0.1132123001169277,26.29544929419174,0.038141164407040164,0.11605877290169087
1332,0.43062513174995637,0.1132238393776071,26.292900954826486,0.03744095832691024,0.1150398437307163
1333,0.4307067028838727,0.11323803088587243,26.291216302803562,0.03673141971205028,0.11398121163898134
1334,0.43078706100249153,0.11325114885154604,26.2893571102153,0.03604047605662395,0.11293441429221351
1335,0.4308672254424097,0.11326446908418529,26.2875573717371,0.03532751000959664,0.11190944288078919
1336,0.4309461780149986,0.11328019296908409,26.286389982820896,0.034534918487278965,0.11077749693836925
1337,0.4310244377606199,0.11329638798234039,26.28537457666434,0.033698002910870856,0.10958087829040863
1338,0.4311036936635772,0.1133113002950622,26.284001264783313,0.03282239657045559,0.10835993331898042
1339,0.4311824366255325,0.11332476660652809,26.282324366784643,0.031937254093312946,0.10713071792539042
1340,0.43125959615723647,0.11333487056003018,26.27996491438268,0.031048953574567002,0.10589589245364772
1341,0.43133607052246054,0.11333976136141552,26.27643944178642,0.030165241334634635,0.10473311155773679
1342,0.4314097974961507,0.11334308828454423,26.272720031481327,0.029214862209868166,0.10344927464675013
1343,0.43148292088798373,0.11334470073130404,26.268641293621258,0.0281768314015716,0.10206769944666094
1344,0.43155709221349375,0.1133448418679927,26.264159230158207,0.02698538769393631,0.10060563741115525
1345,0.43163291284615196,0.11334263246478724,26.259033797356935,0.02567521247927997,0.0990884668191252
1346,0.4317097203701074,0.11333842182533421,26.25338658767481,0.02422462109023313,0.09747880915149354
1347,0.43178652812928214,0.11333210109620334,26.247252684611393,0.022657313450441176,0.09580703592933837
1348,0.4318604609838802,0.11332587150459487,26.241316754585903,0.020978370131773443,0.0939408580973553
1349,0.43193107757891724,0.11331908674840747,26.23545575455917,0.019191383282623257,0.09193826823909479
1350,0.4319404405757425,0.1133182599975486,26.234695655378854,,
1351,0.43201221172702786,0.1133065586723116,26.227628663401237,,
1352,0.4320843138883874,0.11329437310582352,26.220431861150328,,
1353,0.4321579672640451,0.11328181399810971,26.213056932696887,,
1354,0.4322334095496846,0.11326797930876922,26.205280944565494,,
1355,0.432307173297085,0.11325505345913023,26.19781961871367,,
1356,0.43237586257865995,0.11324407719161073,26.191119114797672,,
1357,0.43243904883188294,0.11323295403828909,26.184719984043365,,
1358,0.4324950404827818,0.11322149097047998,26.17867960846304,,
1359,0.4325447700936838,0.11320734823848393,26.17240019199969,,
1360,0.43258531554414875,0.11319227719417096,26.166463152311696,,
1361,0.43261657486325217,0.11317503820996799,26.160587639468513,,
1362,0.43263986825835976,0.11314844904884068,26.153033354122545,,
1363,0.432636894198065,0.11313257992250227,26.149545135812936,,
1364,0.43261597534491186,0.11310646962745678,26.144774135370376,,
1365,0.4325752693722664,0.11306811402994578,26.138367594158833,,
1366,0.4325075997148592,0.11303020369524576,26.133691932757618,,
1367,0.4324247520842331,0.11296567034535278,26.123775246646364,,
1368,0.43231296690571774,0.11289881316245598,26.11506519698676,,
1369,0.43217601493409474,0.11282835518609739,26.107037708537177,,
1370,0.4320150606834402,0.11274534179130771,26.097548917148067,,
1371,0.4318246243037678,0.11265490738664366,26.088115648401832,,
1372,0.4316106997552802,0.1125553022810635,26.077968489864002,,
1373,0.4313726078013615,0.11244726749378224,26.067317548721586,,
1374,0.43110910147375503,0.11232819282699387,26.055630104536814,,
1375,0.4308181704956237,0.11220100251614434,26.04370247129214,,
1376,0.4305100272479864,0.11205298348210051,26.02796134584682,,
1377,0.4301686370822133,0.1119034837303929,26.013863885898786,,
1378,0.4297986016278084,0.11174457107301144,25.99928679381293,,
1379,0.4294013073208488,0.11157452371857449,25.983741040454255,,
1380,0.42895981159773583,0.11141304186506402,25.972839145487004,,
1381,0.4284908205486871,0.1112336970129612,25.959411889040062,,
1382,0.42799136936286564,0.11104675882826957,25.94602760181371,,
1383,0.4274539835589607,0.11086387863986673,25.935862783829865,,
1384,0.42690336821766456,0.11066122599392827,25.92184419999835,,
1385,0.4263245495585118,0.11046818777031629,25.911758514660637,,
1386,0.42572749730232146,0.11028372687711761,25.90476950066534,,
1387,0.4251277484591677,0.11008657339665938,25.894939531860008,,
1388,0.4245105759524724,0.10990901357833266,25.890759807745738,,
1389,0.423887531092437,0.10973681448018738,25.88819119009592,,
1390,0.42326813889070647,0.10956541739232477,25.88558110692476,,
1391,0.4226432869108047,0.10940842016245064,25.886704829063184,,
1392,0.4220208864439818,0.10925250547592515,25.88793801096077,,
1393,0.4213918814381219,0.10910890916740386,25.89250386007393,,
1394,0.42076167612153703,0.10897083310866258,25.89846920307123,,
1395,0.42030615147413947,0.10879776357721989,25.885360753258922,,
1396,0.41965946954575906,0.1086663673167816,25.893939063117642,,
1397,0.41900373022905774,0.10853035127538238,25.902001210359593,,
1398,0.4183351256651751,0.10838919435153639,25.909656565221916,,
1399,0.4176496828343625,0.10824959386475709,25.918753997399364,,
1400,0.4169474711675624,0.10810243580583594,25.92711151434034,,
1401,0.41622437886433516,0.10795365319752775,25.93640802397938,,
1402,0.4154822181704373,0.1078022961582822,25.946308035271926,,
1403,0.414728397746769,0.10764459919179155,25.955444521433225,,
1404,0.4139653261037423,0.10748172769773559,25.963944543220023,,
1405,0.41320375685798566,0.10731431837776066,25.97128331885995,,
1406,0.41245190428017897,0.1071421922736384,25.976893587296086,,
1407,0.41172995766622505,0.106976170229062,25.982119648379776,,
1408,0.4110479651423393,0.10681942859535723,25.987095826728492,,
1409,0.4104344330704947,0.10668266829101179,25.992621401891096,,
1410,0.40990559673494487,0.1065741037077474,25.999670303760418,,
1411,0.40948728115123867,0.10650335485279726,26.008953087229507,,
1412,0.40919379358545616,0.10647345744967622,26.020301167505433,,
1413,0.4090345582481064,0.10649867833768953,26.03659671051341,,
1414,0.40901427148178887,0.10657879245343413,26.057475223863797,,
1415,0.40915378156948234,0.10669076028612078,26.07595605663554,,
1416,0.4094638838638102,0.10680333910398579,26.083701960759285,,
1417,0.40992511281118915,0.10692250855420445,26.08342480433805,,
1418,0.4104869399774017,0.10708484452003121,26.08727199114459,,
1419,0.4111132334490913,0.10729638200538809,26.09898521271385,,
1420,0.41178832690480716,0.10754102679355158,26.115608376245152,,
1421,0.41249653193303,0.10781077411567876,26.136164978274813,,
1422,0.4132131831905107,0.10808717531403667,26.157726740340564,,
1423,0.4139249337875409,0.10836733843829019,26.180432632239764,,
1424,0.4146188510814939,0.10864121388538464,26.202671104317705,,
1425,0.4152922481314902,0.10890623601730982,26.22399924566563,,
1426,0.4159405269437793,0.10915878299353576,26.24384399269904,,
1427,0.4165606060036747,0.10939712193190056,26.261994138479693,,
1428,0.41715045735594836,0.10962179258510388,26.27871806252515,,
1429,0.4177086101892359,0.10983129010793276,26.29375776050571,,
1430,0.4182329618250131,0.11002343668922732,26.306734937659133,,
1431,0.41872098780958933,0.11019672411324995,26.31745895750542,,
1432,0.41917630817751167,0.11035272480924821,26.326088248889373,,
1433,0.4196036906244782,0.11049177222437132,26.332411914664323,,
1434,0.42000581866657505,0.11061650997560012,26.33689940934221,,
1435,0.42038560019691024,0.11072775269564145,26.339568397151602,,
1436,0.4207441997711672,0.110827788067745,26.340895044547636,,
1437,0.42108441695675325,0.11091938654626483,26.34136578786211,,
1438,0.4214086374481914,0.11100309856568667,26.340964256892708,,
1439,0.42171758717988644,0.11108160046817893,26.34028170629657,,
1440,0.4220129096586506,0.11115637991943779,26.339568618729636,,
1441,0.4222992639496288,0.11122827431804508,26.338732698173068,,
1442,0.4225770651237158,0.11129840522646714,26.338013681334754,,
1443,0.4228478487920156,0.11136705247245529,26.3373818243623,,
1444,0.4231118705193861,0.1114343382914282,26.336849910317632,,
1445,0.4233686974777892,0.11149969566791788,26.33631072211412,,
1446,0.4236184277854661,0.11156322110459337,26.335780926200066,,
1447,0.4238589986157538,0.11162461640130526,26.335318293548305,,
1448,0.4240907461340399,0.11168394287806863,26.33491626406989,,
1449,0.42431419461977854,0.11174111253892455,26.33452143618576,,
1450,0.4245304234115692,0.11179598304719318,26.33403329466694,,
1451,0.42473966977291694,0.11184820987273308,26.3333561314232,,
1452,0.4249423677071219,0.11189921895894084,26.33279885993007,,
1453,0.42513732565035117,0.11194766462302815,26.33211855763944,,
1454,0.4253248391892858,0.1119951938024844,26.33168427594285,,
1455,0.4255051156321025,0.11204163226445968,26.33144189066164,,
1456,0.42567854541669375,0.11208685153417006,26.331336812958007,,
1457,0.4258478256491513,0.11213223014995947,26.331525816535056,,
1458,0.42601495506642,0.11217644160001218,26.3315736374848,,
1459,0.42618364324743147,0.11222045939381904,26.33147967357975,,
1460,0.42635429910026745,0.11226431865021169,26.331227077367885,,
1461,0.42652786206991977,0.11230774449409739,26.330693603243915,,
1462,0.4267056540852186,0.11235171075262873,26.33002625509871,,
1463,0.4268866841324401,0.1123962974707454,26.32930509396607,,
1464,0.42707154965190103,0.11244163250088313,26.32852331009463,,
1465,0.4272614844016699,0.11248771374739742,26.327604489069127,,
1466,0.4274595651850611,0.11253441062469496,26.326328801643534,,
1467,0.4276659942189586,0.11258112373478225,26.324544213618818,,
1468,0.42788046589683276,0.11262824494514947,26.32236194963514,,
1469,0.4281027295070369,0.11267625907582664,26.31991139266364,,
1470,0.42833067421030924,0.11272479475156531,26.317236083871435,,
1471,0.4285631449646527,0.11277451846072793,26.314562926317294,,
1472,0.4287982868989576,0.11282511323237489,26.31193189886999,,
1473,0.42903539776776745,0.11287654489553546,26.309378079949102,,
1474,0.42927518087650934,0.11292895523314969,26.306891305145413,,
1475,0.42951822322005845,0.11298225239314671,26.30441417505623,,
1476,0.42976353855273347,0.11303589433840747,26.301880964370728,,
1477,0.43001075926538007,0.11308992881486193,26.299325395499874,,
1478,0.4302573258012149,0.11314381412664522,26.29677807715453,,
1479,0.430502591453041,0.1131975446464094,26.294277175973036,,
1480,0.4307442006128291,0.11325192938979568,26.292154190043583,,
1481,0.4309823201030923,0.11330527014616204,26.2900042208365,,
1482,0.43121862274459416,0.1133575057739884,26.287711104056083,,
1483,0.4314534769512287,0.1134088762484843,26.2853082213784,,
1484,0.4316883767493938,0.1134586765129893,26.282541440501877,,
1485,0.43192239038579605,0.11350779742837763,26.279674301439126,,
1486,0.4321543253821713,0.11355550780383479,26.276610260330756,,
1487,0.4323830079295053,0.11360233867290709,26.27354373080002,,
1488,0.43260743615223857,0.11364991088159476,26.270910156431132,,
1489,0.43282930664332675,0.11369728853616855,26.268389591710537,,
1490,0.43304988013666473,0.11374423239448314,26.26585010451613,,
1491,0.43327116521885856,0.11379091455554588,26.2632096687225,,
1492,0.43349262658898075,0.11383719175142831,26.260467830140026,,
1493,0.4337137505224608,0.11388337307471955,26.257727115530283,,
1494,0.4339349715441342,0.11392990532624954,26.25506419103215,,
1495,0.43415543960580455,0.11397637645834992,26.25243543230411,,
1496,0.43437377610429223,0.114023758130011,26.2501477765624,,
1497,0.4345899075090869,0.11407146722849405,26.248070941709322,,
1498,0.43480431688073395,0.11411960784642619,26.246199362765065,,
1499,0.43501821796487766,0.11416827493582889,26.24448131619319,,
1500,0.43523275011436646,0.1142167739510946,26.242688290594344,,
1501,0.43544759102972275,0.11426603884682755,26.24105430842262,,
1502,0.4356620012821538,0.11431502594751287,26.23938411224381,,
1503,0.4358739398702098,0.11436365607401974,26.237782444179576,,
1504,0.4360822809300803,0.11441239700407607,26.236424181247692,,
1505,0.4362871186751994,0.11446026084716497,26.235076844516385,,
1506,0.43648923011706625,0.11450724667638273,26.233693474102886,,
1507,0.43669024410631696,0.11455389027704303,26.23229894028813,,
1508,0.4368907310919431,0.11459922939733277,26.230638748253853,,
1509,0.4370897782919031,0.11464444170845345,26.229037466048926,,
1510,0.43728725766092547,0.11468880074215462,26.2273365466059,,
1511,0.43748139487813414,0.11473265133054522,26.225721293246178,,
1512,0.4376704011287903,0.11477669719434608,26.224459524410822,,
1513,0.4378558920829438,0.11481987307361957,26.223210684091708,,
1514,0.43803870525035626,0.11486258680467225,26.22201769567915,,
1515,0.4382199667057721,0.11490476019895407,26.220795246443657,,
1516,0.43840099838579605,0.11494562698249393,26.219289510226197,,
1517,0.43858133110101744,0.11498612969808987,26.2177437898298,,
1518,0.43876092535229866,0.11502668129204824,26.216254603731798,,
1519,0.43893863117563675,0.11506627917645731,26.21466214269364,,
1520,0.43911347054198435,0.11510634713169036,26.213349134932734,,
1521,0.4392853407704422,0.11514645788144588,26.212224081845264,,
1522,0.43945416187188463,0.11518589012661348,26.211127375827186,,
1523,0.4396212512754793,0.11522478915522387,26.2100134652091,,
1524,0.43978744337414694,0.11526351960168618,26.208915542781046,,
1525,0.4399526184228933,0.11530130420499625,26.20766404762383,,
1526,0.44011682208521863,0.11533814632820417,26.206257189113202,,
1527,0.4402792281562133,0.11537510598873253,26.204985066385383,,
1528,0.4404373268288878,0.1154121375545323,26.20398647532672,,
1529,0.4405924729455291,0.1154489803345319,26.203121347650658,,
1530,0.4407444907347699,0.1154849660429473,26.202248348112324,,
1531,0.44089436746029054,0.11552042617663254,26.20138398276022,,
1532,0.44104366096410264,0.11555469674734208,26.200285136112022,,
1533,0.44119188037489687,0.11558851214216381,26.19914764613166,,
1534,0.4413403962022099,0.11562318269685064,26.198187089104646,,
1535,0.4414872370275479,0.1156569909147461,26.197131245161987,,
1536,0.4416304560475714,0.11569023125767477,26.196162350998026,,
1537,0.4417717441267155,0.11572320472057415,26.195248170372054,,
1538,0.44191086280296477,0.11575565161400185,26.194344008604727,,
1539,0.442048880132815,0.11578734301994348,26.193334769936484,,
1540,0.4421878367807164,0.11581837689883415,26.192121823619765,,
1541,0.44232760077724165,0.11584924847936746,26.190825143129544,,
1542,0.44246786331892607,0.11588069124508454,26.189628863861465,,
1543,0.44260660590538214,0.11591181822589461,26.188451929855187,,
1544,0.4427426008246881,0.1159433986796835,26.187540675714953,,
1545,0.44287511755653325,0.11597547269372842,26.186947086482924,,
1546,0.44300634476741746,0.11600750047173752,26.186419639800544,,
1547,0.44313745015411343,0.11603855309981413,26.18567964848344,,
1548,0.44326917969914753,0.11606944051618101,26.18486595322482,,
1549,0.44340066872229583,0.11610019501688186,26.184036968513464,,
1550,0.4435319835694073,0.11613074235568818,26.183172050210253,,
1551,0.4436619163478739,0.11616107220571027,26.182340184147957,,
1552,0.4437898523840712,0.11619172114952221,26.18169850557237,,
1553,0.44391656867909907,0.1162229660395034,26.181263381389876,,
1554,0.4440411355219108,0.11625412857014236,26.18093669035893,,
1555,0.4441651496009799,0.11628542712354534,26.18067338871847,,
1556,0.4442908624372422,0.11631633382505917,26.18022193546447,,
1557,0.44441741862585304,0.11634693469824088,26.17965224180181,,
1558,0.44454534097905163,0.11637709027025667,26.17890224964493,,
1559,0.4446734812478064,0.11640670358100048,26.178017914256884,,
1560,0.4447992743157763,0.11643712736765906,26.177454436446958,,
1561,0.4449220364091443,0.11646750172520186,26.177058494378535,,
1562,0.4450430815536585,0.11649753022365994,26.176686045082114,,
1563,0.445162786187511,0.11652698793333852,26.17626440235621,,
1564,0.4452829577308202,0.11655572584806435,26.17565389028967,,
1565,0.4454040466906732,0.11658449289835573,26.17499633525378,,
1566,0.44552677259690526,0.11661296131119077,26.174175938175885,,
1567,0.44564907352793537,0.11664121691278703,26.173333199014365,,
1568,0.4457692515645077,0.11667054116855724,26.172855296564514,,
1569,0.44588735138934577,0.11669980251322384,26.172485527924827,,
1570,0.44600384243629226,0.11672898803551245,26.172193360012624,,
1571,0.446119682827313,0.11675775603878039,26.171845926819543,,
1572,0.44623669889795764,0.11678638907279054,26.171399475034313,,
1573,0.446354478107417,0.11681463728196965,26.170822297397837,,
1574,0.4464736280688449,0.116841964101234,26.16995870654589,,
1575,0.4465913870863436,0.11686848133502735,26.168995801173413,,
1576,0.4467057822338325,0.11689577782566303,26.168404904253688,,
1577,0.44681831166799985,0.11692282032574981,26.167866730723237,,
1578,0.44692834293248,0.11695000549274513,26.167507015864828,,
1579,0.44703795277479186,0.11697700775793161,26.16713123166572,,
1580,0.44714908025110617,0.1170034961915176,26.166551908328152,,
1581,0.4472610001926105,0.11702962975903285,26.165847169468094,,
1582,0.4473738986221533,0.11705417314008296,26.164730106202622,,
1583,0.4474865091369898,0.11707815955093616,26.163505974007993,,
1584,0.4475964411405395,0.11710285248806389,26.162596867318506,,
1585,0.4477047252949029,0.1171280770244753,26.161903238194125,,
1586,0.44781164988630856,0.11715327217099043,26.161282807344016,,
1587,0.44791825261965346,0.11717901449170823,26.160803630212843,,
1588,0.448026616879234,0.1172043436650218,26.160129610472303,,
1589,0.4481354979140814,0.1172289529357619,26.159265106518646,,
1590,0.44824547250678703,0.11725336154506874,26.158292439483226,,
1591,0.4483550029417793,0.11727741964305731,26.157267984870963,,
1592,0.44846267065655077,0.11730175236931886,26.15641391012294,,
1593,0.44856860919541036,0.11732632698627034,26.155714996802054,,
1594,0.44867216388405873,0.11735046413051378,26.1550578744703,,
1595,0.4487747357721421,0.11737469017030702,26.15447814110063,,
1596,0.44887783828577854,0.1173982916935221,26.153728627337657,,
1597,0.44898129225475586,0.11742154714247514,26.15288190578977,,
1598,0.4490859421086669,0.1174441886217463,26.151829217875612,,
1599,0.44918941854393424,0.11746627075101743,26.15072080989555,,
1600,0.44929074380141487,0.1174893572207316,26.149961654376202,,
1601,0.44939055153815954,0.11751260953206895,26.149328046584547,,
1602,0.4494880342624304,0.1175356101899107,26.148773989673852,,
1603,0.44958489131085166,0.11755885234533994,26.148310278527013,,
1604,0.4496833741009174,0.11758121310864696,26.147556231923204,,
1605,0.44978241449931256,0.11760323588787046,26.146694956667808,,
1606,0.4498823148593106,0.1176246061520138,26.145639040911835,,
1607,0.4499815724382921,0.11764576053007628,26.144572963864988,,
1608,0.4500780880078244,0.1176673086777951,26.143754120229357,,
1609,0.45017207980458973,0.11768864654220536,26.14303547951964,,
1610,0.4502643204370922,0.11770964433940224,26.142343285192155,,
1611,0.45035628556068297,0.1177311035073783,26.14176981249542,,
1612,0.45044938779974003,0.1177522599034135,26.141063367537214,,
1613,0.4505433170940679,0.11777297205551834,26.140210627278883,,
1614,0.4506380800946929,0.11779320405645623,26.139203334015683,,
1615,0.450731687241182,0.11781363864705527,26.138308439808977,,
1616,0.45082265186803494,0.11783478024421579,26.137723948864146,,
1617,0.4509110976071544,0.11785600124300262,26.137303310658783,,
1618,0.4509978107920156,0.11787759269571593,26.13706538590648,,
1619,0.4510844318890833,0.11789951009620782,26.136905147105143,,
1620,0.45117227044974134,0.11792033792963186,26.136432944357484,,
1621,0.45126189282946283,0.11794045365879718,26.13569980821941,,
1622,0.45135316160715455,0.11796021012269746,26.134792033508962,,
1623,0.4514432974494413,0.11797967507407021,26.133885637605058,,
1624,0.45153101914351423,0.1179999873484475,26.133306981273524,,
1625,0.4516165563945954,0.11802067935261863,26.132939034568796,,
1626,0.4516998149731021,0.11804137545318372,26.13270396407244,,
1627,0.4517832252546809,0.11806188384178648,26.1324186561447,,
1628,0.45186828280076496,0.11808224785338303,26.132006238961264,,
1629,0.45195426625095614,0.11810193558593068,26.13139080766025,,
1630,0.45204155523823214,0.11812131034666452,26.13063090724324,,
1631,0.45212815111074167,0.11814075861576533,26.129927615772065,,
1632,0.4522113220166738,0.11816051121959092,26.129489790888993,,
1633,0.45229190577961653,0.11818016546135057,26.129179839653148,,
1634,0.45237025037527184,0.1181996108748055,26.12895316983177,,
1635,0.4524473114950629,0.11821863667362001,26.128707955624574,,
1636,0.45252484852211095,0.11823740834880261,26.128379189551925,,
1637,0.4526033230275729,0.11825615476657099,26.127990836551312,,
1638,0.45268296001897357,0.11827395593392301,26.12732671204715,,
1639,0.45276071449146316,0.11829194670705469,26.126813330065346,,
1640,0.4528346995982302,0.11831085772835037,26.126720817401942,,
1641,0.45290633506702,0.11832973590671225,26.1267566260035,,
1642,0.45297624986448515,0.1183483759487849,26.12683909679385,,
1643,0.45304652492500563,0.11836632518649116,26.12674828619086,,
1644,0.4531171877763418,0.11838324875811704,26.126408786009435,,
1645,0.4531879395789566,0.1184003900453124,26.12611230460252,,
1646,0.45325793589773267,0.11841722947293551,26.125792864143843,,
1647,0.45332590653833466,0.11843395574638899,26.12556530262491,,
1648,0.45339125346614007,0.11845119770292269,26.12560273215963,,
1649,0.4534541177430193,0.11846871259798385,26.125843379180036,,
1650,0.45351403014806396,0.11848661029885169,26.126338420041378,,
1651,0.4535746628709097,0.1185047491053904,26.126844995113323,,
1652,0.4536371921947355,0.11852281581039907,26.127226305448097,,
1653,0.45370094852401066,0.11854045467181777,26.127442549427336,,
1654,0.45376603839142066,0.11855761052501908,26.127475503742026,,
1655,0.45382989937982154,0.1185752683382283,26.127689801898597,,
1656,0.45389260908641854,0.11859379629153792,26.128162018376983,,
1657,0.45395466983573735,0.11861228523256323,26.128662863074602,,
1658,0.45401685801259906,0.11863109665911475,26.12922726667183,,
1659,0.4540818873976202,0.11864930260607932,26.129494679047433,,
1660,0.4541489572041847,0.11866704559938343,26.129542679106255,,
1661,0.45421750526115545,0.11868418135731798,26.129371938027727,,
1662,0.45428710615206364,0.11870074359861116,26.12901444728181,,
1663,0.45435392715283857,0.11871751681460718,26.128863363972243,,
1664,0.45441668871289653,0.11873466835434793,26.129028995536135,,
1665,0.45447592179589025,0.11875148403352465,26.129323543537947,,
1666,0.4545313472008099,0.11876803471943399,26.12977860621851,,
1667,0.4545864186616754,0.1187829191324565,26.129887356106945,,
1668,0.45464184219178566,0.11879698166547398,26.129795069623352,,
1669,0.45469666857753166,0.11881057237611047,26.12963335486847,,
1670,0.4547500536382771,0.11882299580208477,26.12929780907743,,
1671,0.45479837383551236,0.11883556963927283,26.129286399395145,,
1672,0.45484299999527533,0.11884826157627189,26.129513167731815,,
1673,0.4548846279507287,0.11886030027703719,26.12976851130517,,
1674,0.45492401554015943,0.11887252689152146,26.13019379739202,,
1675,0.4549660701508387,0.11888408115618858,26.130318051360174,,
1676,0.4550095662723796,0.11889525476306874,26.13027583949635,,
1677,0.4550552631691123,0.11890660758052948,26.130146644703277,,
1678,0.45510456495987794,0.11891723615739884,26.129651362183676,,
1679,0.4551523438592105,0.11892827697141962,26.129334183590842,,
1680,0.4551991169508786,0.11894003341173848,26.129232017946446,,
1681,0.45524502114751403,0.11895235120444793,26.12930305192806,,
1682,0.4552910344946379,0.11896516886876597,26.129477599051437,,
1683,0.45533986118311126,0.11897749984214734,26.129383782260497,,
1684,0.45539028931955106,0.11898963600263801,26.129155318712126,,
1685,0.4554430536306027,0.1190014264732814,26.12871697672222,,
1686,0.4554961669763768,0.11901297992348463,26.12820667921382,,
1687,0.4555459867617929,0.11902529797928328,26.128053245592998,,
1688,0.4555944748456866,0.11903733539246862,26.12791461810144,,
1689,0.45564112186366024,0.11904955938736023,26.12792254141253,,
1690,0.45568710817216207,0.11906138103173683,26.12788005114126,,
1691,0.45573614662850287,0.11907187805068256,26.12737193035184,,
1692,0.4557869747554433,0.11908214318382626,26.12671045453216,,
1693,0.45583998075146864,0.11909160994341755,26.125749160284435,,
1694,0.45589280575486846,0.11910079963370068,26.124737686196493,,
1695,0.4559421772310077,0.11911091772616993,26.124127943053,,
1696,0.4559869881134665,0.1191210482601137,26.123782337067908,,
1697,0.4560264598665351,0.11913231994486737,26.12399288842444,,
1698,0.45606328635987303,0.11914314949613439,26.124257983380016,,
1699,0.4560994035793566,0.11915224530438266,26.12418353747121,,
1700,0.45613407137734674,0.11916097875877954,26.124112675678866,,
1701,0.4561678527720672,0.11916812107926199,26.123743783147862,,
1702,0.45619787949316304,0.11917460502102166,26.123445631405595,,
1703,0.45622297618253627,0.11918136012638449,26.123489247218366,,
1704,0.4562444474330425,0.11918770187569888,26.123649843035214,,
1705,0.4562613137924905,0.11919423098271995,26.124115146201056,,
1706,0.4562780499421043,0.11920069148024029,26.124572833465315,,
1707,0.4562958459650776,0.11920664288654574,26.124858234117955,,
1708,0.4563134102651801,0.11921204980920717,26.125037556956478,,
1709,0.4563313751630377,0.11921604046610094,26.124883572493246,,
1710,0.45634610494700395,0.11922007886842338,26.124925265280517,,
1711,0.45635640492553053,0.11922544300388851,26.125511051684274,,
1712,0.4563630720590956,0.11923066706307726,26.126274092492256,,
1713,0.4563641460978677,0.11923588154673058,26.127355219785457,,
1714,0.45636288603734726,0.11923952972187767,26.12822676209465,,
1715,0.4563604273206759,0.11924129730374339,26.128754853661924,,
1716,0.4563568683870459,0.11924276400150674,26.12928001345965,,
1717,0.4563533971712122,0.11924290697888172,26.129510094157315,,
1718,0.4563458415790816,0.11924297208882279,26.129956980918124,,
1719,0.45633315079751524,0.11924329098379631,26.130753546044062,,
1720,0.4563156647764168,0.11924244495532717,26.13156947258275,,
1721,0.456294342119416,0.11924133473325906,26.13254728941009,,
1722,0.45627337181808864,0.11923878078933156,26.133188600116426,,
1723,0.4562518069149314,0.11923468336310167,26.13352573205986,,
1724,0.4562302205728321,0.11922943726011045,26.1336123482589,,
1725,0.4562104723170012,0.11922218097787284,26.133153053757702,,
1726,0.45618855602604813,0.1192143905210741,26.132700819936183,,
1727,0.4561658402013349,0.11920601098169138,26.132165207521506,,
1728,0.45614347753975953,0.11919695538845891,26.131461098897148,,
1729,0.4561227947905657,0.11918688820357011,26.130438900405363,,
1730,0.45610779444646654,0.11917436207222457,26.128551961462275,,
1731,0.45609716454955873,0.11916003115488027,26.126018843498542,,
1732,0.4560903551001675,0.11914365891080947,26.12281921301381,,
1733,0.4560860938176637,0.11912485081678591,26.11893947909103,,
1734,0.4560804115264605,0.11910662954347168,26.11526970536454,,
1735,0.4560740994141939,0.11908807947825091,26.11156380755102,,
1736,0.45606481462115345,0.11906882637035202,26.107873826938565,,
1737,0.4560536398873335,0.11905081301631565,26.10456371880438,,
1738,0.4560420123368248,0.11903207516942915,26.101120499730214,,
1739,0.4560287214814389,0.11901389939542845,26.09789554675505,,
1740,0.4560160991647876,0.11899628029017187,26.094754222080862,,
1741,0.45600273934134944,0.11897961452107182,26.091863985932633,,
1742,0.4559854830197485,0.11896458695899721,26.08955578391624,,
1743,0.4559651155851311,0.11895088589735754,26.087716325559292,,
1744,0.45594072557253207,0.11893845047826578,26.086384437124554,,
1745,0.4559159043666725,0.1189267518077998,26.08523867422541,,
1746,0.45589143424068196,0.11891538639658522,26.084145799897918,,
1747,0.45586892200182483,0.11890500142068812,26.083155855097345,,
1748,0.4558498678035647,0.1188940941180106,26.081853372225737,,
1749,0.4558296140256231,0.11888441543644249,26.080888950264598,,
1750,0.4558073914223183,0.1188754941907439,26.080203267393358,,
1751,0.4557834899592531,0.11886661550217827,26.079622917628036,,
1752,0.4557573701192161,0.11885877877382071,26.079398067162334,,
1753,0.45573486633320004,0.11885071125760847,26.078915623434774,,
1754,0.4557133302595306,0.11884275216268737,26.078401545771317,,
1755,0.45569209489993256,0.118835293316175,26.07797998827927,,
1756,0.4556730222291329,0.11882669850684564,26.077185330294633,,
1757,0.45565115750943674,0.11881837213004905,26.076609303376625,,
1758,0.4556298166283029,0.1188108527694622,26.07618036253027,,
1759,0.45561017530505216,0.11880378640328379,26.075753537273204,,
1760,0.45559095268509864,0.11879714141920016,26.07539520243984,,
1761,0.4555767327290453,0.11878954526842514,26.074541725789874,,
1762,0.45556572105024623,0.11878161613327946,26.073431481948255,,
1763,0.455558042025948,0.11877293488983887,26.07196535520137,,
1764,0.4555541216077294,0.1187629312043119,26.069993788043654,,
1765,0.4555487392061845,0.11875369407445105,26.068274117361195,,
1766,0.45555092617118725,0.11875354491730995,26.068116229157805,,
1767,0.45554433653968457,0.11874327725509382,26.066239382332775,,
1768,0.45553800093363006,0.11873318197311866,26.064385787744097,,
1769,0.4555361215840312,0.11872224710064365,26.0620928781261,,
1770,0.45553513830720194,0.11871180205942497,26.059856216704976,,
1771,0.45553758079436546,0.11870170348086867,26.05749964116613,,
1772,0.45554009130807693,0.11869097179032952,26.055000219521858,,
1773,0.4555390098113891,0.11868143298283827,26.052968116161335,,
1774,0.45553710265952546,0.11867223117664716,26.051057199032236,,
1775,0.4555343508256881,0.11866341740949043,26.049279751220656,,
1776,0.4555331969931755,0.11865490668861993,26.04747743343885,,
1777,0.45553520765632577,0.1186459042536607,26.045386231303546,,
1778,0.4555376588811839,0.11863689154512184,26.043267605250925,,
1779,0.4555421563452491,0.11862821227902917,26.041105225203896,,
1780,0.4555459143232758,0.11862005455240161,26.039099643471612,,
1781,0.4555326776149788,0.11863187625898763,26.04245141755925,,
1782,0.4555475634092546,0.11860443221873103,26.035576028793116,,
1783,0.4555501580957952,0.11859875359215265,26.034181194864857,,
1784,0.4555580824432279,0.11859301249706804,26.032468101769922,,
1785,0.45556988946415183,0.11858820072653585,26.030737208295545,,
1786,0.45558287863276836,0.11858462120336138,26.02920934150137,,
1787,0.45559943312564377,0.1185809153483226,26.02745015172588,,
1788,0.45561557774538775,0.1185789642249356,26.026099636830512,,
1789,0.45563397801587424,0.11857824459494944,26.024890661428717,,
1790,0.45565652673096346,0.11857836308452346,26.023628792337377,,
1791,0.45567723864184295,0.11857694348256732,26.022134402848117,,
1792,0.45571141177971103,0.11858014044496552,26.020884572951324,,
1793,0.45574921659489526,0.11858463876665132,26.019713133606636,,
1794,0.4557910168721564,0.11858981011581002,26.018461471581166,,
1795,0.45583657128823557,0.11859570283663139,26.017154021115317,,
1796,0.4558820661118944,0.11860314984378939,26.016191173152826,,
1797,0.4559248428384831,0.11861112735604178,26.015499970915425,,
1798,0.455963968819409,0.11861941429954416,26.015085053030816,,
1799,0.4559996379712264,0.11862673423503564,26.014655354292408,,
1800,0.4560343703376331,0.11863223647711502,26.013880574239074,,
1801,0.45602193803402324,0.1185493707888391,25.99641835213513,,
1802,0.45605602490515473,0.11855117692453496,25.994871342657927,,
1803,0.45608809408649564,0.11855255677401762,25.993346090620488,,
1804,0.4561166213515074,0.1185560216734426,25.992480020165086,,
1805,0.4561464915263737,0.11855813763118048,25.99124181235221,,
1806,0.45617949254944756,0.11855965885376257,25.98969501920591,,
1807,0.45621442599975,0.11856252385852677,25.988332920141318,,
1808,0.4562532539540274,0.11856588755417466,25.986858510409988,,
1809,0.4562968283629569,0.1185709589854472,25.985488308310373,,
1810,0.45635097575256245,0.11857817303660159,25.98398586549659,,
1811,0.4564116153899055,0.11858749677819536,25.982576424328695,,
1812,0.45647724544647766,0.11859869334702909,25.981293597894112,,
1813,0.45655010550010006,0.11861378324164115,25.980452487621903,,
1814,0.45662826657682104,0.11863087467601129,25.979748377240103,,
1815,0.45671402308772063,0.11864684750652016,25.978367536074487,,
1816,0.4568022837068396,0.1186619184773944,25.976647383301533,,
1817,0.4568879044619519,0.1186786232665937,25.975435573492373,,
1818,0.45697261602012396,0.11869417129299409,25.97402276021001,,
1819,0.45705094343650315,0.1187126358124074,25.973611370282583,,
1820,0.4571236836147943,0.11873443935962183,25.974248024234097,,
1821,0.45719246379693523,0.11875249009360932,25.974288619585373,,
1822,0.4572552688638568,0.1187714501539486,25.974867484646,,
1823,0.4573181855461727,0.1187868910952824,25.97467033886173,,
1824,0.45738105140405483,0.11879565514614003,25.973016324455212,,
1825,0.4574419580086995,0.11880934746267349,25.972551354900858,,
1826,0.4575053614581271,0.11882412245186483,25.972181412947254,,
1827,0.45756560816884156,0.1188435718492722,25.97301233475112,,
1828,0.45761986693405327,0.11887275138086732,25.976309153115913,,
1829,0.4576774128371331,0.11889565141048825,25.978046561978335,,
1830,0.4577400694453528,0.1189199764954292,25.97980479172939,,
1831,0.45794267752772366,0.11879492974833786,25.941004317324424,,
1832,0.4580253381875906,0.11879045795034736,25.93534637633848,,
1833,0.45812658718759064,0.11877030410535283,25.925215306641775,,
1834,0.458225799718464,0.11876850723601652,25.919209985336582,,
1835,0.4583408328945552,0.1187793797789574,25.9150770025946,,
1836,0.4585031274135543,0.11892844596493185,25.9384154336776,,
1837,0.4585704777917604,0.11904034451855136,25.959007455470847,,
1838,0.4585825198232838,0.11903283637970079,25.956688542243274,,
1839,0.45858571915036744,0.11894932771302602,25.938297410003575,,
1840,0.45860039216466675,0.1197933368895614,26.121507730099797,,
1841,0.45934895854142294,0.2017167390826831,43.91361628927973,,
1842,0.4586715938152843,0.1208062782256871,26.338295166876648,,
1843,0.4586212488390331,0.12019610754805674,26.20814187138616,,
1844,0.45855176322403884,0.11945528820361838,26.050556945575416,,
1845,0.4585151072237388,0.11940065370675478,26.04072402973008,,
1846,0.45841924306674664,0.11926848562494846,26.017338370671922,,
1847,0.458309045421629,0.11914139913672184,25.99586465222735,,
1848,0.4582782036760413,0.11914343148639846,25.998057627593703,,
1849,0.4584193388461577,0.12232176607541816,26.683378232537542,,
1850,0.4582333295881456,0.11962009858042673,26.104626367518875,,
1851,0.4581605185129744,0.11949327334356419,26.08109352839846,,
1852,0.4580561103167092,0.11943329773193966,26.073944881853244,,
1853,0.4578630115028998,0.11908393938232995,26.008639350762614,,
1854,0.45770159732065885,0.11900031928390424,25.99954205546161,,
1855,0.45749975467401627,0.11893362860223844,25.996435492513566,,
1856,0.45733921866511673,0.1190074342933512,26.02169886954163,,
1857,0.4571307073471576,0.11897534655845687,26.026548784897912,,
1858,0.45686939768914053,0.11878539232932685,25.99985749322389,,
1859,0.4566361672052398,0.11911105606309345,26.08445511271948,,
1860,0.4563530061735913,0.11899925885791837,26.07614220747621,,
1861,0.4560475321340433,0.1187648918275764,26.0422178521226,,
1862,0.4557093143490575,0.11834099956479,25.968527708025935,,
1863,0.455401600661017,0.11826356478292316,25.96907094996223,,
1864,0.45508431405509725,0.11824489435956978,25.98307406070116,,
1865,0.45472978075096243,0.11818624193950512,25.99043364706106,,
1866,0.4543292657018399,0.1180641016564455,25.986461927356174,,
1867,0.45391125778741065,0.11803548818915742,26.00408916150728,,
1868,0.4534764492525623,0.11808036600144889,26.038919153590793,,
1869,0.4529569187711614,0.11803717677286958,26.059250202667332,,
1870,0.45233213701442426,0.11777088966977717,26.036374608957225,,
1871,0.4516235993380831,0.11762349376747569,26.044585344935296,,
1872,0.4507971086256187,0.1174552543799075,26.055015023943422,,
1873,0.4498208658926804,0.11726304044622045,26.068830803015132,,
1874,0.44879352620578966,0.1169724993426061,26.063767080492507,,
1875,0.44770828869326534,0.11673277492632643,26.073400442738414,,
1876,0.44654968287170643,0.11648141940920131,26.084761422317793,,
1877,0.445373203740588,0.11626429461567776,26.104914628720465,,
1878,0.4441394223778311,0.11604933394800727,26.129032484147206,,
1879,0.44283112805797203,0.11580032788696411,26.149997267537263,,
1880,0.4414872841467926,0.11557364447237245,26.17824988906016,,
1881,0.44009765541490425,0.11537628167049256,26.216063696526852,,
1882,0.438661334660267,0.11520300442970048,26.262402296961625,,
1883,0.43716447743672815,0.1150189461330144,26.31022236925949,,
1884,0.4355858362151393,0.11482976677107727,26.36214431783359,,
1885,0.433926718340958,0.11463463168677032,26.41797032573969,,
1886,0.4321908795666967,0.11442537322746622,26.47565662241325,,
1887,0.4303455831182191,0.11422052546968589,26.541581917040073,,
1888,0.42839900138718073,0.11401830663550869,26.614979555580387,,
1889,0.42635757796942647,0.11381072021795693,26.69372519658092,,
1890,0.4242007813749312,0.11359804789021759,26.779311325646425,,
1891,0.4219536380134744,0.11337312718357276,26.86862180341063,,
1892,0.4196413918136843,0.11314952133420109,26.96338434232391,,
1893,0.4172617643541823,0.11293747291399607,27.066336425240223,,
1894,0.414842433959802,0.11271635036856167,27.170882518610384,,
1895,0.41241361336955645,0.11248055506084108,27.273725069800076,,
1896,0.409966404978901,0.11225181089923249,27.380734015268775,,
1897,0.40752350202494875,0.1120265682029521,27.489596954850914,,
1898,0.4050889065332483,0.11180786607442122,27.600821516262485,,
1899,0.40266490940060495,0.1116360424268471,27.724303712738518,,
1900,0.40027589862499374,0.11148185316095496,27.851252984231984,,
1901,0.39797528163794305,0.11132319625437188,27.972389590680123,,
1902,0.39578910203547324,0.11115200931080133,28.08364574445487,,
1903,0.3937566291028199,0.11094276720141502,28.175466519560498,,
1904,0.3918669029640768,0.11074201277693621,28.260108710198512,,
1905,0.39012126979748507,0.11055732553864894,28.339220159936445,,
1906,0.38854837259584524,0.11039824486446445,28.412998908451726,,
1907,0.38713700754012303,0.11030212692171355,28.491754798275593,,
1908,0.3858353554322784,0.11014486776549118,28.547116332065563,,
1909,0.38468483322851355,0.10992993108611021,28.576622104778632,,
1910,0.3837217609146293,0.10978272865448996,28.609982502116814,,
1911,0.3829257884523024,0.10966459241328069,28.638601974685397,,
1912,0.3823077952020149,0.10954220566666598,28.652883106603376,,
1913,0.381843651860532,0.10943482475206638,28.659589918241547,,
1914,0.381500591920354,0.10935374035519102,28.66410765045964,,
1915,0.3812771784859508,0.10928795728348012,28.6636503442094,,
1916,0.38115737672896355,0.10924151960520402,28.660476295303177,,
1917,0.381121536899005,0.10921386090139541,28.655914276063715,,
1918,0.3811686853695315,0.10919381356261253,28.64711025690697,,
1919,0.3812809971531923,0.10917698048018382,28.63425696411467,,
1920,0.381454235878656,0.10916415623428996,28.617890684274915,,
1921,0.38167607277588617,0.10914650716439643,28.596633362575346,,
1922,0.3819360297691616,0.10914167814078676,28.575905291457037,,
1923,0.382228020520624,0.10914744534814834,28.555584491027403,,
1924,0.3825561932129893,0.10915719249494005,28.53363621646205,,
1925,0.38290498911581927,0.10917990696842005,28.513576493357164,,
1926,0.3832754957220639,0.1092091321413702,28.49363796024265,,
1927,0.3836664845265237,0.10924572521669802,28.47413824835816,,
1928,0.38407468325036254,0.10928127551834096,28.453131717381382,,
1929,0.38449669749982507,0.10932125958832704,28.432301317328424,,
1930,0.3849338352576371,0.10936381833072405,28.411069205575707,,
1931,0.3853874539456777,0.10940707999725331,28.388853575050423,,
1932,0.38585541386083194,0.10945260206267404,28.36622168068135,,
1933,0.38633235890690465,0.10950260739160982,28.344145880360205,,
1934,0.38681365925673716,0.10955626014566094,28.322748569989336,,
1935,0.38729898259052054,0.10961059022154773,28.301285350247273,,
1936,0.3877852491099195,0.10966649667936162,28.28021357983015,,
1937,0.388271579379556,0.10971974819907547,28.25850616581406,,
1938,0.38875873959902,0.10977198797070951,28.236532530157998,,
1939,0.38924796999717515,0.10982295574629407,28.214137056923143,,
1940,0.38973991049725015,0.10987414274972263,28.1916580238189,,
1941,0.39023687888318087,0.10992540430636684,28.168891833330157,,
1942,0.3907342648418829,0.10997678731154271,28.146184557437433,,
1943,0.3912307323569072,0.11003040304215476,28.12417173346637,,
1944,0.3917262259811759,0.11008288699694327,28.10199565301334,,
1945,0.39221886300219994,0.11013411899027256,28.079760913909645,,
1946,0.3927119644273536,0.1101832574529279,28.057015684152987,,
1947,0.39320728873261335,0.11023065806629387,28.033727050581792,,
1948,0.39370595658872054,0.11028032981789575,28.010835998881916,,
1949,0.3942075982718364,0.11033167598852858,27.988216480912786,,
1950,0.39471352688810557,0.11038487119214782,27.965819175850037,,
1951,0.3952227210945453,0.11043559132319082,27.9426220783426,,
1952,0.395732314159567,0.11048644296219665,27.91948976844139,,
1953,0.39624158868304077,0.11053691762963296,27.8963442472095,,
1954,0.3967473515588721,0.11058674069862702,27.87334061944391,,
1955,0.3972495153587571,0.1106385776612981,27.851154849460325,,
1956,0.3977506681035698,0.11069158879666553,27.82939104148599,,
1957,0.39825387888948055,0.11074460143679575,27.8075386850227,,
1958,0.39876161466859156,0.11079706636723193,27.785288827089015,,
1959,0.3992714791342183,0.11085090902604718,27.76329260141914,,
1960,0.3997813096376931,0.11090669237281318,27.74184027595582,,
1961,0.4002882905136243,0.1109624887791102,27.720643198613242,,
1962,0.4007918732713114,0.11101918809541561,27.69995987924198,,
1963,0.4012921059151043,0.11107660100205952,27.67973736955554,,
1964,0.4017909698329334,0.11113468592044821,27.659826692137596,,
1965,0.4022883580443728,0.1111942587764668,27.640436655191987,,
1966,0.4027879974292535,0.1112540490814312,27.620994118865745,,
1967,0.40329409112346887,0.11131462117226858,27.601351872569218,,
1968,0.40380196469024043,0.11137535834014647,27.581678168798252,,
1969,0.4043106085736713,0.11143786156743965,27.56243818597059,,
1970,0.4048189833728063,0.11150121213623132,27.54347417387477,,
1971,0.40532679242642866,0.11156505973231408,27.524718774312056,,
1972,0.4058334182838108,0.11162851651437589,27.505994204821967,,
1973,0.4063410715469477,0.11169312319742783,27.487529816321572,,
1974,0.40685267030090994,0.11175843961408703,27.469019567065896,,
1975,0.40736800347890106,0.11182357244094478,27.450259098892747,,
1976,0.4078893241014449,0.11188995175361623,27.431448959862557,,
1977,0.4084145117183141,0.11195799195992577,27.412833958540595,,
1978,0.40893949798160095,0.1120258384459276,27.394232887469304,,
1979,0.4094624296965902,0.11209290171036947,27.375625596084554,,
1980,0.4099828972014649,0.1121591010411154,27.35701947732727,,
1981,0.4105039549075796,0.11222675444232823,27.33877544921457,,
1982,0.4110269054512024,0.11229667102475628,27.32100247828868,,
1983,0.41155459695062746,0.11236747912855802,27.303176774389982,,
1984,0.41208617895820204,0.1124370184506299,27.284831229934163,,
1985,0.4126206066157441,0.1125063698161825,27.266299358857488,,
1986,0.41315417576426183,0.11257621058198863,27.247990504692986,,
1987,0.41368386025163745,0.11264727966388785,27.230281499347413,,
1988,0.4142106670495976,0.11271762378071777,27.212631819358958,,
1989,0.4147361349952752,0.11278604275597075,27.194650583618824,,
1990,0.41526424929521016,0.11285402881338628,27.17643741423035,,
1991,0.4157920000328483,0.11292272658248215,27.1584654282817,,
1992,0.41632083726328684,0.11299181160998169,27.140561196201705,,
1993,0.4168511433927304,0.1130631533006915,27.123148177182916,,
1994,0.41737990443850304,0.1131355423081106,27.106130674956834,,
1995,0.4179070314521024,0.11320970191966598,27.089685839047984,,
1996,0.41842906436528177,0.11328419889119919,27.07369266115413,,
1997,0.4189453808707315,0.11335927906928123,27.058247744294622,,
1998,0.4194566627739113,0.11343318397427897,27.04288524686515,,
1999,0.4199640540709464,0.11350828832441989,27.028096148734775,,
2000,0.4204693700554973,0.11358328269498706,27.01344991669556,,
2001,0.42097292647452633,0.11365862782020128,26.999035014447404,,
2002,0.4214772166778661,0.11373555259845929,26.984982366291714,,
2003,0.42197800349590026,0.11381456664559683,26.97168233952806,,
2004,0.42247216986473174,0.11389443602719938,26.959038760746395,,
2005,0.4229575022638618,0.11397425365192025,26.946975297016362,,
2006,0.42343430946465177,0.11405280184829446,26.93518198666789,,
2007,0.4239023227744363,0.11412965894174831,26.923574797790888,,
2008,0.4243624951048947,0.11420713080146447,26.912635333910583,,
2009,0.42481710593870314,0.11428493173583096,26.902149216260874,,
2010,0.4252680422640368,0.11436240688298607,26.891841266544482,,
2011,0.4257140800409979,0.1144410316146029,26.88213450764461,,
2012,0.4261533850837208,0.11452078481991813,26.87313742619215,,
2013,0.42658197658212094,0.11460022985968649,26.86476132392923,,
2014,0.42699909556142196,0.11467732865523614,26.856574135000788,,
2015,0.42740563122333886,0.11475399322497967,26.848966144064555,,
2016,0.4278052201867157,0.1148299529735035,26.84164370958025,,
2017,0.4281978007048397,0.11490517095282667,26.834600916605773,,
2018,0.4285851605025249,0.1149805570545397,26.82793704749895,,
2019,0.42896673855442236,0.11505600337196249,26.821660756190663,,
2020,0.42934118299590024,0.11513223995899359,26.816025230939232,,
2021,0.42970850743125344,0.1152076277363608,26.810646227382918,,
2022,0.4300645653266336,0.11528088519749284,26.805483290616404,,
2023,0.43041079029428536,0.11535450916295126,26.801026313508487,,
2024,0.4307465645654217,0.11542767656562104,26.79712064147871,,
2025,0.4310723976075196,0.1154994416730113,26.79351364504915,,
2026,0.4313935788343583,0.11557089457654561,26.79012860803875,,
2027,0.43170991458267083,0.11564047268334254,26.78661498778199,,
2028,0.43202215945282735,0.11570973500581987,26.783287031473268,,
2029,0.43232650620198987,0.1157786369337922,26.78036976055744,,
2030,0.43262025521426434,0.11584878082635969,26.778399631099823,,
2031,0.43290312147432625,0.11591695261825248,26.776649755602893,,
2032,0.4331747917086646,0.11598389402400561,26.77531016209539,,
2033,0.43343644330770964,0.11604829696663127,26.77400545303134,,
2034,0.43368898839560516,0.11611146910634253,26.772980687355435,,
2035,0.4339368324378781,0.11617320200000376,26.771915476115982,,
2036,0.4341808458450578,0.1162338473676222,26.770837193748875,,
2037,0.43441764560024493,0.11629399285402332,26.77008957436276,,
2038,0.4346485207246388,0.1163512437294186,26.76904169268533,,
2039,0.434873049161867,0.11640743430824936,26.768141767488697,,
2040,0.4350891767585121,0.11646267411140697,26.76754107722779,,
2041,0.43529760570838955,0.11651697516772193,26.767198725595076,,
2042,0.43549932015506726,0.11656957186085556,26.76687803309289,,
2043,0.43569629084175787,0.11662004196746138,26.76636097639331,,
2044,0.4358916638129094,0.11666923950148156,26.765650547416197,,
2045,0.43608428997322646,0.11671701768694492,26.764783866465542,,
2046,0.4362738590194741,0.11676479370375684,26.764104997302802,,
2047,0.43646083780560974,0.11681314703958001,26.763717823317307,,
2048,0.43664275371246425,0.11686230260989099,26.763825030025927,,
2049,0.43681745265166744,0.11690946026338604,26.7639169528818,,
2050,0.4369872847136143,0.11695366234741078,26.763630530819217,,
2051,0.437154042760937,0.11699667405127473,26.76326022569938,,
2052,0.4373203449232288,0.11703793213738882,26.7625171104113,,
2053,0.437489028980301,0.11707813526666269,26.761387717435632,,
2054,0.43765904075806206,0.11711813512786425,26.760131568402162,,
2055,0.43782757342075396,0.11715758924287577,26.758842145898125,,
2056,0.43799359777206137,0.11719664179910691,26.757615270006262,,
2057,0.43815588739018047,0.11723538739772661,26.756547332052115,,
2058,0.4383140531908405,0.11727287176654817,26.755444164480842,,
2059,0.43847215254022304,0.11730939434070216,26.754126496081376,,
2060,0.438629454760112,0.11734406754523988,26.75243677135539,,
2061,0.43878856445270237,0.11737870973130302,26.750630996436424,,
2062,0.4389471301885905,0.11741293581447536,26.748764882921034,,
2063,0.4391051730930203,0.11744718557932723,26.746937357180066,,
2064,0.43926333301762405,0.1174801055450775,26.744801287651292,,
2065,0.43941808585090747,0.11751209052678628,26.74266133111726,,
2066,0.4395668791190441,0.1175427258492452,26.740578381341635,,
2067,0.4397107047360382,0.11757284809483437,26.73868223549715,,
2068,0.43985400910849465,0.11760241430764806,26.736692600803412,,
2069,0.4399979737585621,0.11763055087667307,26.73433922248467,,
2070,0.440141105800535,0.11765771520614607,26.73181705947426,,
2071,0.4402816457255387,0.1176852444424992,26.72953678288498,,
2072,0.44042023607157144,0.11771320943179715,26.727475213620274,,
2073,0.44055494996400174,0.11774093087354222,26.72559481698321,,
2074,0.44068384093570323,0.11776680872383413,26.723650332578586,,
2075,0.4408076332956602,0.11779297811782409,26.722082201062413,,
2076,0.4409265893728063,0.11781847771951043,26.720656127157287,,
2077,0.44104265808414583,0.11784344342845447,26.719284692405264,,
2078,0.4411582571038448,0.11786740380470213,26.71771454046641,,
2079,0.4412738711919154,0.11788993643520082,26.715820747956553,,
2080,0.44138807765221744,0.11791357647110892,26.7142640323005,,
2081,0.44149757806189693,0.1179359569654227,26.71270757206472,,
2082,0.4415986042094645,0.11795710151274322,26.71138458961078,,
2083,0.441691610320684,0.11797774237112355,26.71043316522754,,
2084,0.441777172120919,0.1179962062166421,26.709439433041894,,
2085,0.44185841814061805,0.1180131837615588,26.708370581275652,,
2086,0.44193789398950056,0.11802987067083165,26.70734333400154,,
2087,0.4420190802554873,0.11804823283157416,26.70659211438163,,
2088,0.44210036459907004,0.11806617590912596,26.705740452441674,,
2089,0.4421791570487976,0.11808385093925253,26.704978978966466,,
2090,0.4422542615746212,0.11810033075022464,26.7041702051067,,
2091,0.4423250134627019,0.11811750226738932,26.70378085623442,,
2092,0.44238949575133746,0.11813673498763466,26.70423600067532,,
2093,0.4424517962663367,0.11815737993036782,26.705141877024325,,
2094,0.4425157856980901,0.11817801558085234,26.70594347146753,,
2095,0.44258080494885255,0.11819725387974882,26.70636696352171,,
2096,0.44264634820113996,0.11821488274192046,26.706395121597893,,
2097,0.4427094122961102,0.1182333923908018,26.70677178006785,,
2098,0.4427682225521224,0.11825180041752784,26.70738196520129,,
2099,0.44282157927246135,0.11826761109949609,26.707734364211692,,
2100,0.4428706170649717,0.11828111551464432,26.707826384718537,,
2101,0.44291641439625523,0.11829302679608991,26.707754093362418,,
2102,0.4429597579062547,0.11830229325827427,26.70723268801114,,
2103,0.44300302929668506,0.1183106867750479,26.706518680668808,,
2104,0.4430471784150292,0.11831963571367775,26.70587726954003,,
2105,0.4430932441288685,0.11833001818882406,26.70544400230331,,
2106,0.44314070441190445,0.11834078246485555,26.70501294208722,,
2107,0.44318913159304535,0.1183504616131284,26.704278867967073,,
2108,0.44324033999837503,0.11836256290277082,26.703923858375518,,
2109,0.44329518522533873,0.1183774009228862,26.703967213790474,,
2110,0.44335562508367077,0.11839443903912666,26.704169822314327,,
2111,0.44342352779638516,0.11841525670340763,26.704775295049863,,
2112,0.44350116300497483,0.11843904995740694,26.70546547272039,,
2113,0.443589646540298,0.1184662470422995,26.70626962695294,,
2114,0.44368641983248336,0.11849722068705909,26.70742564800574,,
2115,0.44379058802259885,0.11853151714398316,26.708884853129707,,
2116,0.4438985589697765,0.11856974153400998,26.710999425002186,,
2117,0.4440060619749511,0.11861091579240075,26.713805497343017,,
2118,0.4441143231589921,0.11865371318607319,26.716930078293238,,
2119,0.4442204504660017,0.11869643956044705,26.72016550249558,,
2120,0.4443266066947153,0.11874156408607844,26.7239373688154,,
2121,0.44443054191757914,0.11878454786107208,26.7273593188609,,
2122,0.44453013077213643,0.11882437053504837,26.730329916816604,,
2123,0.4446210009622769,0.11885958486833843,26.7327869378853,,
2124,0.4446997356069446,0.11889082178151368,26.73507813519308,,
2125,0.44476308563716815,0.11891714766969246,26.73718919350773,,
2126,0.4448090312776611,0.11893942100639554,26.739434823244522,,
2127,0.444840796179766,0.11895802294982082,26.741707139142047,,
2128,0.4448587600348733,0.11897026305212023,26.743378739533853,,
2129,0.4448628357715865,0.11897529160524958,26.74426408285926,,
2130,0.44484773312539366,0.11897281883239587,26.744616185075582,,
2131,0.444813312420679,0.1189631676001515,26.744516020159697,,
2132,0.4447556962467877,0.1189433177181825,26.74351755849863,,
2133,0.4446729767395631,0.11891241836604641,26.741543693061264,,
2134,0.44456330612499373,0.11887087063921645,26.7387949031031,,
2135,0.44442579645082747,0.11881925907506216,26.73545505772833,,
2136,0.44425982390707963,0.11875822356254753,26.73170455030539,,
2137,0.4440704098789311,0.11868481800250441,26.726576543314827,,
2138,0.44385464806912156,0.11859883195143703,26.72019600726759,,
2139,0.443612394759762,0.11850064211639298,26.7126535498556,,
2140,0.4433399373173591,0.11839001757276027,26.70411745197959,,
2141,0.4430348230606219,0.11826715962285694,26.694777355385007,,
2142,0.442697137980626,0.11813079529843463,26.684336799034032,,
2143,0.4423255723060097,0.1179813003590569,26.67295488795187,,
2144,0.4419279180157242,0.11782108511802986,26.660701964033347,,
2145,0.44150553177803614,0.11765181945839791,26.647869843122724,,
2146,0.4410642378138844,0.11747533573434521,26.634518435819366,,
2147,0.4406066732935603,0.11729351736507623,26.620912590429107,,
2148,0.44013199209114545,0.11710582789333036,26.60697926931867,,
2149,0.43964220892537875,0.11691412277436251,26.59301595725686,,
2150,0.439135015420279,0.11671862578534045,26.579211788345685,,
2151,0.43861479840033,0.11652142251472196,26.565775468517412,,
2152,0.4380835257297385,0.11632402320203965,26.552932573365474,,
2153,0.437547519881156,0.11613067499151844,26.541271453912284,,
2154,0.43700814968054097,0.115937698369679,26.529870999987317,,
2155,0.4364699436180692,0.11574760483392516,26.519032186832437,,
2156,0.4359331334531024,0.11556043587863492,26.508752606910267,,
2157,0.4353953956357682,0.11537616605949509,26.499169999494782,,
2158,0.4348566868358332,0.11519437087637717,26.490191910022364,,
2159,0.4343177826429428,0.11501742205758597,26.48231931874247,,
2160,0.43377826784270784,0.11484592941134127,26.475722258401728,,
2161,0.43324558436958155,0.11467844502566855,26.469616578444278,,
2162,0.43272531497002653,0.11451482290624995,26.463629222658724,,
2163,0.4322129591050448,0.11435615941747013,26.458290296121607,,
2164,0.4317083044587771,0.11420127164933234,26.45334140433177,,
2165,0.4312105958508325,0.11404919312241076,26.448606370021455,,
2166,0.43071566285420726,0.1138977194437815,26.443830412160956,,
2167,0.4302232407443377,0.11374911217304376,26.439555421563043,,
2168,0.42973331547212645,0.11360389460528972,26.435905831615315,,
2169,0.42924726338700564,0.11346235173983867,26.432865487494556,,
2170,0.42876434471641417,0.11332366536027182,26.430291314270633,,
2171,0.4282868245650218,0.11318863415075334,26.428231656603113,,
2172,0.42781207796857657,0.11305464327679315,26.426239252903276,,
2173,0.4273372940560472,0.11292117931907086,26.424368031932342,,
2174,0.4268576688643818,0.11278424280067241,26.421978806360723,,
2175,0.42637011967809113,0.11264476628879216,26.419479482717694,,
2176,0.4258692300576472,0.11250108224493148,26.416813966508666,,
2177,0.4253559939748262,0.11235313710651854,26.413907103227025,,
2178,0.4248346403456827,0.11220225999363313,26.41080772093715,,
2179,0.4243059520521724,0.11204478124674666,26.406601346230868,,
2180,0.4237685833754062,0.11188383703617522,26.402107524110647,,
2181,0.4232203840822459,0.11171728413310746,26.39695258898424,,
2182,0.42265882677661115,0.111545790065514,26.39144932006106,,
2183,0.42207787052222384,0.11137022873755152,26.386180493129523,,
2184,0.4214747871640668,0.11119010803411829,26.381200351810254,,
2185,0.4208532965746963,0.11100750296577191,26.37676926122627,,
2186,0.4202162994373031,0.11082229066461187,26.372677788322374,,
2187,0.41956465623083844,0.1106378026901672,26.369666998188677,,
2188,0.4188976524532773,0.11045439763384435,26.36787219669705,,
2189,0.4182161490971202,0.11027269855156453,26.367393700513574,,
2190,0.4175247644755512,0.1100933794738464,26.36810767671077,,
2191,0.416817084918904,0.10991457190644452,26.369977595287274,,
2192,0.41608843657737105,0.10973867874285569,26.37388331325327,,
2193,0.4153450747722864,0.1095678980834801,26.379968064759375,,
2194,0.41459123675301235,0.10940200124981031,26.387919365257883,,
2195,0.41383043961616917,0.10923859486576892,26.396945320670113,,
2196,0.41306428085075747,0.10907444652317469,26.406167654710362,,
2197,0.41229331215741716,0.10891009344256206,26.415682775125692,,
2198,0.411513386539323,0.10874322071979918,26.42519642782216,,
2199,0.4107296355935453,0.10857522196320163,26.434718256037115,,
2200,0.4099406262908604,0.10840681155123791,26.444515278249416,,
2201,0.40915533789120545,0.1082376716713248,26.453931220641984,,
2202,0.4083960363706065,0.10808015638572668,26.4645458722443,,
2203,0.40768407442960347,0.1079267198741314,26.47312628660641,,
2204,0.40705270902819857,0.10779272985142371,26.481270720140664,,
2205,0.4065356205307985,0.10767674150915038,26.48642236283277,,
2206,0.4061669101434678,0.10758756423334326,26.48851039966323,,
2207,0.4059691692377631,0.10752004027146615,26.484779736683677,,
2208,0.4059679023485326,0.1074801773474468,26.475043156286937,,
2209,0.40617854128646064,0.10746663384909204,26.457979170618064,,
2210,0.40659878383830805,0.10747495814028478,26.432680670049496,,
2211,0.40722479883960805,0.10751475868992198,26.40182007487918,,
2212,0.4080266326032698,0.10758372225257894,26.366838254203895,,
2213,0.408975023138193,0.10769414415251778,26.33269467806298,,
2214,0.41002011950979955,0.10784288990804355,26.301853196124952,,
2215,0.41111746646607666,0.10802768553717348,26.2765983809368,,
2216,0.41222866709249534,0.10824406214449897,26.258256833024014,,
2217,0.41331634224456276,0.10848224267652641,26.246782812264545,,
2218,0.41435152960639465,0.10873369103191009,26.241894445327517,,
2219,0.41531845592860356,0.10898522416354048,26.241363129375568,,
2220,0.4162082842388631,0.10923523323287611,26.245328930114642,,
2221,0.417015093960477,0.1094700828430724,26.25086823678558,,
2222,0.41774009627771114,0.10968892386140103,26.257695834991257,,
2223,0.4183880921904655,0.10989329333449434,26.265875005942306,,
2224,0.4189619607422378,0.11008056158597562,26.27459576305105,,
2225,0.4194626536101195,0.11025070073644039,26.283794227582362,,
2226,0.41989385065016754,0.11040410217214133,26.293336280393387,,
2227,0.42026477969096543,0.11054324573340886,26.30323811923877,,
2228,0.4205795840238988,0.11066595152408527,26.312725516842217,,
2229,0.4208476933700565,0.11077526279276229,26.32193654328913,,
2230,0.4210752055485476,0.11087082337463403,26.330408894581954,,
2231,0.42126869222948854,0.11095568068415892,26.3384587392303,,
2232,0.4214236566482926,0.11102704938163038,26.34570879685812,,
2233,0.42154113798982545,0.11108892999561719,26.353045998157953,,
2234,0.4216182835901455,0.11114076678900316,26.360518771297624,,
2235,0.42166015301884907,0.11118532640685838,26.368468922385507,,
2236,0.4216745891263187,0.11122374086976566,26.37667617112374,,
2237,0.4216716738462827,0.1112554069858917,26.384368191269363,,
2238,0.42165887860361984,0.11128226819946598,26.39153919110922,,
2239,0.4216396640419229,0.11130757454033731,26.39874376934097,,
2240,0.4216161893710814,0.1113315344595075,26.405896468439476,,
2241,0.4215873059373031,0.1113567332477051,26.413682689076428,,
2242,0.4215528928110345,0.11138339445175159,26.42216347016752,,
2243,0.4215117775765461,0.11140990912407427,26.431031124353893,,
2244,0.421465802880406,0.11143727628642891,26.440407626155626,,
2245,0.42141875489105546,0.11146609419077413,26.45019778950991,,
2246,0.4213781625045998,0.1114959403501618,26.459828788338008,,
2247,0.42134279021923904,0.11152550585454461,26.469067097722043,,
2248,0.4213090519408779,0.11155575064864395,26.478365497900224,,
2249,0.42127731999790013,0.11158661174062473,26.48768553246136,,
2250,0.42124327422163893,0.11161833563371812,26.497357338218215,,
2251,0.4212059756108945,0.11165080664666906,26.507412788894253,,
2252,0.42116907485673216,0.11168518727154715,26.51789837835049,,
2253,0.42113603782680864,0.11172129222582865,26.52855186707479,,
2254,0.4211118690663217,0.11175605541127508,26.53832950827477,,
2255,0.42109725047542623,0.11179258132310116,26.547924783855837,,
2256,0.42108914747220144,0.11183048371879618,26.55743668297193,,
2257,0.4210857528859057,0.11186792985346629,26.56654353342066,,
2258,0.42108206937468123,0.11190439514742832,26.57543583216676,,
2259,0.42107292309159544,0.11194039111753423,26.584561718109807,,
2260,0.42105929528668573,0.11197517853686727,26.59368402272819,,
2261,0.42104143049915005,0.11200974603440267,26.603022391790205,,
2262,0.42102392725616217,0.11204254880400229,26.61191954913114,,
2263,0.4210073388369831,0.11207492792138642,26.620658972593965,,
2264,0.4209890542653617,0.1121035682690958,26.628618281945553,,
2265,0.4209619476159192,0.11212797240813539,26.636130187814423,,
2266,0.4209216370460227,0.11214860626402,26.64358312655662,,
2267,0.4208638974994,0.11216483996818598,26.651095671218954,,
2268,0.42079124239013044,0.1121763392307855,26.65843010268328,,
2269,0.42070417151404926,0.11218179516786857,26.665244312682624,,
2270,0.42060635275641217,0.11217967166264492,26.670940875591597,,
2271,0.42049422863386826,0.11217355620296782,26.67659828944747,,
2272,0.42036949074258784,0.11216019247078955,26.681335097049313,,
2273,0.4202308823776312,0.11213702726699427,26.68462313681764,,
2274,0.42007164467079144,0.11210718208551589,26.68763376622906,,
2275,0.41989075597230135,0.11207284221528124,26.690952496861893,,
2276,0.4196891187017399,0.11203205508059241,26.6940575984316,,
2277,0.41947248063806813,0.1119875707468952,26.697239012330108,,
2278,0.4192436022449627,0.11194048899762724,26.700583717487657,,
2279,0.419009895281686,0.11189238451251506,26.703995722414536,,
2280,0.41877037200259987,0.11184190646179656,26.70721568170114,,
2281,0.41852212373216346,0.11179054619254279,26.71078536915865,,
2282,0.41826565257267134,0.11173791292760275,26.71458013354059,,
2283,0.41799928565391725,0.11168512227335664,26.718974435240163,,
2284,0.41771885326446184,0.11163122594651723,26.724009480089812,,
2285,0.4174305418937803,0.11157702288705366,26.729482318389064,,
2286,0.4171371562616869,0.11152002580495744,26.73461813001296,,
2287,0.41684499271313935,0.11146321273616858,26.73972692119498,,
2288,0.416560057719214,0.11140912976186293,26.745034166708137,,
2289,0.4162779665551972,0.11135765890244494,26.750793423912633,,
2290,0.41599633747900105,0.11130684935762464,26.756689742068524,,
2291,0.4157099475420229,0.11125635468498796,26.76297628738879,,
2292,0.41541210865834205,0.11120561999562124,26.769951495824817,,
2293,0.41510626519381527,0.11115388012251226,26.777210907817526,,
2294,0.4148016482951852,0.11110138659503763,26.784220133082638,,
2295,0.4144999241040198,0.11105103674359183,26.791569861837488,,
2296,0.4142037546359932,0.11100257282728293,26.799026224383994,,
2297,0.4139183965619719,0.11095875361059476,26.806915211361478,,
2298,0.4136361189016049,0.11091623306184539,26.814929352973156,,
2299,0.4133504573213839,0.11087298591928357,26.8229982465167,,
2300,0.41305548768866557,0.11082400864687812,26.83029567456324,,
2301,0.41275239379523526,0.11077412791922371,26.837912895104445,,
2302,0.4124455003016098,0.1107242934757405,26.84579984380262,,
2303,0.412138925799135,0.11067381412142331,26.853521274853478,,
2304,0.41183140265776713,0.11062254025037307,26.861123152937576,,
2305,0.4115259984756262,0.11057089426972103,26.86850762267694,,
2306,0.41121903745155236,0.11051930234236819,26.876017955610575,,
2307,0.410909449899805,0.11046818746774557,26.883827445360975,,
2308,0.41059534410639476,0.11041352978340313,26.89108178362403,,
2309,0.4102795741645418,0.11035648908749557,26.89787550652895,,
2310,0.4099684358362582,0.11029779467571892,26.903972363319202,,
2311,0.40966782130338486,0.11023848309206977,26.909236547146627,,
2312,0.40938444917696615,0.11017835966207337,26.913176571210247,,
2313,0.4091214098269087,0.1101150701888382,26.91501044529196,,
2314,0.40887752358567075,0.11004729196403358,26.914487986272427,,
2315,0.4086459843672316,0.10997398652012139,26.911799143312454,,
2316,0.4084190911648167,0.10989540660670306,26.907509708539795,,
2317,0.4081878817953353,0.10981484565135444,26.903014653045336,,
2318,0.4079563926452927,0.10973811619038223,26.89947214181704,,
2319,0.40772783806152196,0.10966269840953467,26.89605373302661,,
2320,0.4074987861648168,0.10959012787499518,26.893363022355217,,
2321,0.40726671270084,0.10952257818052674,26.89210160442873,,
2322,0.4070269038675566,0.10945723623959266,26.89189220651842,,
2323,0.4067780834701765,0.10939317685672366,26.89259360374167,,
2324,0.4065108901621669,0.10933083703536861,26.89493435016069,,
2325,0.40622523243795317,0.10927110674767494,26.899143140835058,,
2326,0.40592499555204736,0.10921519809267771,26.905265576008176,,
2327,0.40561434039760513,0.10916106656777053,26.91252643108351,,
2328,0.40530728670536476,0.10911362319949998,26.921209358572266,,
2329,0.4050080761632918,0.10907308433471818,26.93108872494234,,
2330,0.4047104273502575,0.10903530230619732,26.94155992472922,,
2331,0.40441070529931006,0.10899943433813818,26.95265800579294,,
2332,0.4040997034917754,0.10896603284204293,26.96513555948717,,
2333,0.40377601666286683,0.10893597756961783,26.979308595382477,,
2334,0.40344164812546873,0.10890843728113118,26.99484244801149,,
2335,0.4031048200017499,0.10888126516907504,27.010658212571702,,
2336,0.40277197452142394,0.10885515696374923,27.026497335891253,,
2337,0.4024424031892906,0.1088304385591151,27.042487992480808,,
2338,0.4021127144885006,0.10880793094997138,27.059062553736535,,
2339,0.40177814335653217,0.10878661195380601,27.07628917914291,,
2340,0.4014323834157292,0.10876674580758085,27.094661592096926,,
2341,0.40107003339528025,0.1087488626451136,27.114681624177745,,
2342,0.40070140911706914,0.10873159743958724,27.135316963115585,,
2343,0.40034182847812605,0.1087158093825786,27.155745827473194,,
2344,0.39999668945490224,0.10870419729999828,27.17627424570327,,
2345,0.3996697258293085,0.10869653789742639,27.196590302626188,,
2346,0.3993598154059797,0.1086930410311975,27.21681972952204,,
2347,0.39906293461899406,0.10869557620626082,27.237702822497926,,
2348,0.39877556441785406,0.1086969893882499,27.25768554723994,,
2349,0.3984910824718514,0.10869743603592749,27.277256836382445,,
2350,0.39822588131693415,0.10869962753207794,27.295972620515762,,
2351,0.3979953737872607,0.10870056556659966,27.312017356438684,,
2352,0.39780201013016847,0.10871052841350917,27.327797659427866,,
2353,0.3976506154904754,0.1087321255755114,27.343633164353992,,
2354,0.3975372677384881,0.10876199495802578,27.35894311915749,,
2355,0.397453801439203,0.10879869288799812,27.373921822871445,,
2356,0.3973885486384431,0.10883904563122784,27.3885712117621,,
2357,0.3973265956819159,0.10888465379277829,27.40432052022691,,
2358,0.39727021708357074,0.10893732653877598,27.42146827378697,,
2359,0.397215977081546,0.10899367058036492,27.43939742332902,,
2360,0.3971722457940853,0.10905397913278131,27.45760316528274,,
2361,0.397141121860657,0.10911940336731739,27.476228816617887,,
2362,0.39710828131280945,0.1091853865848494,27.495117005339427,,
2363,0.3970610990799461,0.10925114241374584,27.51494484523872,,
2364,0.39699409317456624,0.10932074268762614,27.537120719717013,,
2365,0.39689614533018347,0.10938146800691184,27.559216508871824,,
2366,0.39677408205749715,0.10943495599567658,27.581175521393607,,
2367,0.39663028506534675,0.10948027607660007,27.60260126343168,,
2368,0.3964649421237938,0.1095180363634739,27.623636979553556,,
2369,0.39628736017949107,0.10955154526948335,27.644471229126253,,
2370,0.3960944273509325,0.1095801910455342,27.665168575686156,,
2371,0.395877344480651,0.10960012563590775,27.68537456461204,,
2372,0.3956346709934753,0.10961544186508458,27.706227462277266,,
2373,0.3953585964511775,0.10962708025620814,27.728518170654194,,
2374,0.3950565032676866,0.10963366342575648,27.751388097380524,,
2375,0.3947413311063947,0.10963345042637695,27.773491597419635,,
2376,0.3944199140543973,0.10962797653529541,27.7947366826351,,
2377,0.39410740896610175,0.10962123493613661,27.815065751673153,,
2378,0.3938023068218339,0.10961125265964002,27.834080898167745,,
2379,0.3934956052358132,0.10960100394445824,27.85317103574176,,
2380,0.3931862026431928,0.10958878576338903,27.871981525973904,,
2381,0.39287326989838006,0.10957155923677035,27.88979745685217,,
2382,0.3925669633165842,0.10955304886871517,27.906843699521023,,
2383,0.39227354258554575,0.109539410149348,27.92424118826724,,
2384,0.39200492437218143,0.1095295986753032,27.940873153754687,,
2385,0.3917684465712465,0.10952533780095511,27.956651118669658,,
2386,0.3915558942090896,0.1095256108593635,27.97189685538923,,
2387,0.3913656241122694,0.10952754775807158,27.985990851013497,,
2388,0.3911933283473576,0.10953482534254111,28.00017725386164,,
2389,0.39102057958304587,0.10954931151054899,28.016252143906062,,
2390,0.39085371418776554,0.10956439988520437,28.03207335841506,,
2391,0.3906995721253937,0.10957687948420806,28.04632697397471,,
2392,0.3905527270446728,0.1095886228903425,28.059879064116068,,
2393,0.3904257654466776,0.10960499225849533,28.07319648412513,,
2394,0.39030957511091946,0.10962391647571101,28.086402042419206,,
2395,0.39018961442395383,0.10964220636785349,28.099724419810833,,
2396,0.3900619479954502,0.10966215040556537,28.114034442253388,,
2397,0.3899186891063697,0.1096801735457231,28.12898601939093,,
2398,0.3897617617321134,0.10969521739811028,28.144171175392195,,
2399,0.389594279621669,0.10970965399037645,28.15997557687818,,
2400,0.3894188404569522,0.10971928926352917,28.175136347995455,,
2401,0.3892397456321184,0.10972472206781243,28.189495882446806,,
2402,0.38904836473611326,0.10973101385928809,28.20498010156585,,
2403,0.38884281973031354,0.109734406867758,28.220762040524644,,
2404,0.38860876972593866,0.10973320280403917,28.237448908172375,,
2405,0.3883365721098695,0.10972258253143602,28.254506634619243,,
2406,0.38823805039546516,0.10958252059565869,28.22560037174004,,
2407,0.38792988810801343,0.1095604800764937,28.242340545307037,,
2408,0.38761414944599326,0.10953781225409813,28.25949785647858,,
2409,0.3872976002511136,0.10951686105266366,28.277185549731215,,
2410,0.3869722514393363,0.10949587286256511,28.295536037867624,,
2411,0.3866306215321588,0.10946987440511033,28.31381383380802,,
2412,0.38626435871269826,0.10943954254754593,28.332808885674744,,
2413,0.3858693963927624,0.10940930824861496,28.353973979644454,,
2414,0.38544884086741077,0.10937023746998148,28.37477399694746,,
2415,0.3850060400834126,0.10932415452527237,28.395438809631923,,
2416,0.3845571898318985,0.10927357112465856,28.415427929568892,,
2417,0.3841191085829621,0.10922181634883256,28.434361610324004,,
2418,0.3836814292448821,0.1091715909970819,28.453707340472782,,
2419,0.3832365511965313,0.10911801626735183,28.4727581246273,,
2420,0.3827709514477451,0.10906170309303981,28.492680199617666,,
2421,0.3822676482597478,0.10899848051857376,28.513655553846444,,
2422,0.38173841612943593,0.10893105633688849,28.535523734125118,,
2423,0.38119617946246054,0.10885689324594895,28.55665904087818,,
2424,0.38065708973111767,0.10878272892415947,28.577617981842828,,
2425,0.3801358745039291,0.10871861931056057,28.599936654870188,,
2426,0.37962310083948153,0.1086556274284869,28.621974581686604,,
2427,0.3790979430897693,0.10859397585870081,28.645361400176757,,
2428,0.3785489714004705,0.10853369624197613,28.670979038840745,,
2429,0.377974420978052,0.1084633107130091,28.695939379270136,,
2430,0.3773785097621753,0.1083950009748526,28.72315147016807,,
2431,0.37678541507853247,0.1083249548614569,28.749773883598706,,
2432,0.3762079168887332,0.10824393504466992,28.772370326455416,,
2433,0.3756559777434306,0.10816491347284532,28.793609014980433,,
2434,0.3751213091196756,0.10809362891505271,28.81564610891444,,
2435,0.3745848801928024,0.10802560097781795,28.838751025459473,,
2436,0.3740383885605636,0.10796352658814645,28.864290375014594,,
2437,0.37347750727619006,0.10789944037117752,28.890478882677368,,
2438,0.37291345691748834,0.10783318911915571,28.91641133321051,,
2439,0.3723554470463737,0.10776594223587846,28.941685448865513,,
2440,0.37182549892477107,0.10769514831585988,28.963895329203638,,
2441,0.37133683093020176,0.10763295038822338,28.9852612030436,,
2442,0.3708714325393413,0.10757398444917254,29.005734874918225,,
2443,0.370416490876145,0.10751987293198909,29.026751124841297,,
2444,0.369958979649557,0.1074775542084767,29.051208409722783,,
2445,0.36948436349954955,0.10743423433302351,29.076801333476322,,
2446,0.36899779099139096,0.1073852786625065,29.101875752153727,,
2447,0.3685271540830122,0.10733886804704651,29.126447497235986,,
2448,0.3680923484082287,0.10729372501151441,29.14858879177828,,
2449,0.36769011876845686,0.10725756555705032,29.170641277034953,,
2450,0.3673199646217778,0.10722941909761091,29.192374339909065,,
2451,0.36736740296343806,0.10758617090355231,29.28571507316335,,
2452,0.3669626872812196,0.10755900126079376,29.310609767353974,,
2453,0.3665605810803785,0.10752652326368173,29.333902447111075,,
2454,0.3661558229226442,0.10748886987359799,29.356045471467645,,
2455,0.3657538320798002,0.10746054385476911,29.380565404800286,,
2456,0.3653514563315022,0.1074239641189878,29.402911157829493,,
2457,0.3649463673712183,0.10738422227651474,29.424658491609268,,
2458,0.36454442245577606,0.10734790491749775,29.447139581602137,,
2459,0.36414145341167037,0.1073169899554363,29.471236781743706,,
2460,0.3637351554501511,0.10729900417348091,29.49921187592931,,
2461,0.3633371321221711,0.1072725617485236,29.524249592098805,,
2462,0.36293737060785913,0.10723901111067642,29.547525219315133,,
2463,0.3625295351169404,0.1072075953796695,29.572099648401824,,
2464,0.3621245564929163,0.10716561784278668,29.59357931443763,,
2465,0.3617274060867394,0.10713368779240769,29.617243811136017,,
2466,0.36133528814033383,0.10711110940049703,29.64313559070314,,
2467,0.36094602517637003,0.10708093502620063,29.66674448731701,,
2468,0.3605474917335787,0.1070542261132327,29.692128933832347,,
2469,0.36015252023992644,0.10701965449085618,29.715092489027096,,
2470,0.35977074844381657,0.10697917267364089,29.735372632816272,,
2471,0.35938012426358257,0.10695087212281731,29.75981833774859,,
2472,0.35900511434333027,0.10691854612836153,29.781900551453216,,
2473,0.35862303778060195,0.10688451470335462,29.804140683439396,,
2474,0.3582283884080168,0.10686041719909503,29.83024814811232,,
2475,0.357845598114312,0.10682376970298903,29.851916655088967,,
2476,0.3574755615393613,0.10682182095221962,29.882272369116226,,
2477,0.3570989720654225,0.10681618539047669,29.91220746804821,,
2478,0.35673211626197926,0.10679460301947499,29.93691853106001,,
2479,0.35636519251820215,0.10676677063993206,29.959932361934786,,
2480,0.3560082533557103,0.10671834328537735,29.976367760987927,,
2481,0.3556436963247996,0.10668343866812358,29.997280922053104,,
2482,0.35526393496091474,0.10664756636664868,30.019249316253223,,
2483,0.35489477536625047,0.10660365820562556,30.03810301112798,,
2484,0.3545346698665265,0.10658140629324409,30.062336733772565,,
2485,0.35418529700173473,0.1065383672985445,30.079839056114942,,
2486,0.35384977332556183,0.10648519092327127,30.093333089491303,,
2487,0.35353091813129184,0.106446950512284,30.109658039230524,,
2488,0.353237521983283,0.10637452197600192,30.114162668437043,,
2489,0.35293118971089493,0.1063353379804387,30.129198291469717,,
2490,0.35262480138036534,0.10630890052998185,30.147879591517945,,
2491,0.3523338486822973,0.10627301297915655,30.162589650869425,,
2492,0.3520356160108293,0.10631231894324891,30.19930771435881,,
2493,0.3518060795051912,0.10633715348364463,30.226070462797537,,
2494,0.3515766742492574,0.1063738692136138,30.256236265036705,,
2495,0.35138227370174796,0.10637153584483632,30.2723113275555,,
2496,0.35121835807301877,0.10629869460036519,30.265700000301678,,
2497,0.3510108039627283,0.10632780820691443,30.291890450814936,,
2498,0.3508379936829281,0.10637238878732598,30.319518040415154,,
2499,0.35066090872419503,0.10645440102630986,30.35821740541924,,
2500,0.35044646478567487,0.10659059618670548,30.41565742484915,,
